"site","species","year","count"
"hb","Yellow-b.Sapsucker",1969,6
"hb","Hairy Woodpecker",1969,2
"hb","Downy Woodpecker",1969,6
"hb","Least Flycatcher",1969,26
"hb","Wood Pewee",1969,1
"hb","Black-c. Chickadee",1969,4
"hb","Brown Creeper",1969,2
"hb","White-br. Nuthatch",1969,8
"hb","Winter Wren",1969,1
"hb","Wood Thrush",1969,7
"hb","Hermit Thrush",1969,6
"hb","Veery",1969,2
"hb","Swainson's Thrush",1969,9
"hb","Philadelphia Vireo",1969,4
"hb","Red-eyed Vireo",1969,20
"hb","Bk.-thr. Green Warbler",1969,8
"hb","Bk.-thr. Blue Warbler",1969,4
"hb","Blackburnian Warbler",1969,2
"hb","Ovenbird",1969,6
"hb","American Redstart",1969,12
"hb","Scarlet Tanager",1969,4
"hb","Rose-br. Grosbeak",1969,8
"hb","Dark-eyed Junco",1969,8
"hb","Purple Finch",1969,2
"hb","Yellow-b.Sapsucker",1970,3
"hb","Hairy Woodpecker",1970,1
"hb","Downy Woodpecker",1970,3
"hb","Least Flycatcher",1970,28
"hb","Black-c. Chickadee",1970,1
"hb","White-br. Nuthatch",1970,2
"hb","Winter Wren",1970,0.5
"hb","Robin",1970,0.5
"hb","Wood Thrush",1970,6
"hb","Hermit Thrush",1970,8
"hb","Veery",1970,2
"hb","Swainson's Thrush",1970,8
"hb","Philadelphia Vireo",1970,7
"hb","Red-eyed Vireo",1970,24
"hb","Bk.-thr. Green Warbler",1970,9
"hb","Bk.-thr. Blue Warbler",1970,8
"hb","Blackburnian Warbler",1970,5.5
"hb","Ovenbird",1970,6
"hb","American Redstart",1970,26
"hb","Scarlet Tanager",1970,6
"hb","Rose-br. Grosbeak",1970,4
"hb","Dark-eyed Junco",1970,4
"hb","Yellow-b.Sapsucker",1971,4
"hb","Hairy Woodpecker",1971,1
"hb","Downy Woodpecker",1971,3
"hb","Least Flycatcher",1971,43
"hb","Wood Pewee",1971,1
"hb","Black-c. Chickadee",1971,0.5
"hb","Brown Creeper",1971,0.5
"hb","White-br. Nuthatch",1971,2
"hb","Winter Wren",1971,1.5
"hb","Robin",1971,4.5
"hb","Wood Thrush",1971,9
"hb","Hermit Thrush",1971,7
"hb","Veery",1971,5
"hb","Swainson's Thrush",1971,11
"hb","Philadelphia Vireo",1971,5
"hb","Red-eyed Vireo",1971,29
"hb","Bk.-thr. Green Warbler",1971,12
"hb","Bk.-thr. Blue Warbler",1971,11
"hb","Blackburnian Warbler",1971,4
"hb","Ovenbird",1971,9
"hb","American Redstart",1971,29
"hb","Scarlet Tanager",1971,5
"hb","Rose-br. Grosbeak",1971,6
"hb","Dark-eyed Junco",1971,8
"hb","Purple Finch",1971,1
"hb","Yellow-b.Sapsucker",1972,4
"hb","Hairy Woodpecker",1972,2
"hb","Downy Woodpecker",1972,2
"hb","Least Flycatcher",1972,49.5
"hb","Black-c. Chickadee",1972,0.5
"hb","White-br. Nuthatch",1972,2
"hb","Winter Wren",1972,0.5
"hb","Robin",1972,1.5
"hb","Wood Thrush",1972,7
"hb","Hermit Thrush",1972,7
"hb","Veery",1972,2
"hb","Swainson's Thrush",1972,11
"hb","Philadelphia Vireo",1972,8
"hb","Solitary Vireo",1972,0.5
"hb","Red-eyed Vireo",1972,22
"hb","Bk.-thr. Green Warbler",1972,7
"hb","Bk.-thr. Blue Warbler",1972,9
"hb","Yellow-r. Warbler",1972,1
"hb","Blackburnian Warbler",1972,7
"hb","Ovenbird",1972,9
"hb","American Redstart",1972,29
"hb","Scarlet Tanager",1972,8
"hb","Rose-br. Grosbeak",1972,10
"hb","Dark-eyed Junco",1972,8
"hb","Purple Finch",1972,6
"hb","Yellow-b.Sapsucker",1973,4
"hb","Hairy Woodpecker",1973,2
"hb","Downy Woodpecker",1973,2
"hb","Least Flycatcher",1973,57
"hb","Brown Creeper",1973,0.5
"hb","White-br. Nuthatch",1973,1
"hb","Winter Wren",1973,3
"hb","Wood Thrush",1973,4
"hb","Hermit Thrush",1973,4
"hb","Veery",1973,1
"hb","Swainson's Thrush",1973,9
"hb","Philadelphia Vireo",1973,4
"hb","Solitary Vireo",1973,1
"hb","Red-eyed Vireo",1973,26
"hb","Bk.-thr. Green Warbler",1973,6
"hb","Bk.-thr. Blue Warbler",1973,11
"hb","Blackburnian Warbler",1973,4
"hb","Ovenbird",1973,11
"hb","American Redstart",1973,26
"hb","Scarlet Tanager",1973,7
"hb","Rose-br. Grosbeak",1973,4.5
"hb","Dark-eyed Junco",1973,2
"hb","Purple Finch",1973,2
"hb","Ruby-thr. Hummingbird",1974,3
"hb","Yellow-b.Sapsucker",1974,3
"hb","Hairy Woodpecker",1974,1
"hb","Downy Woodpecker",1974,2
"hb","Least Flycatcher",1974,26
"hb","Black-c. Chickadee",1974,1
"hb","Brown Creeper",1974,1
"hb","White-br. Nuthatch",1974,1
"hb","Winter Wren",1974,6
"hb","Wood Thrush",1974,5
"hb","Hermit Thrush",1974,2
"hb","Veery",1974,0.5
"hb","Swainson's Thrush",1974,6.5
"hb","Philadelphia Vireo",1974,4
"hb","Solitary Vireo",1974,1
"hb","Red-eyed Vireo",1974,23
"hb","Bk.-thr. Green Warbler",1974,10
"hb","Bk.-thr. Blue Warbler",1974,11
"hb","Blackburnian Warbler",1974,6
"hb","Ovenbird",1974,10
"hb","American Redstart",1974,22
"hb","Scarlet Tanager",1974,3
"hb","Rose-br. Grosbeak",1974,8
"hb","Dark-eyed Junco",1974,5
"hb","Yellow-b.Sapsucker",1975,5
"hb","Hairy Woodpecker",1975,2
"hb","Downy Woodpecker",1975,3
"hb","Least Flycatcher",1975,30
"hb","Black-c. Chickadee",1975,1
"hb","White-br. Nuthatch",1975,1.5
"hb","Winter Wren",1975,2
"hb","Wood Thrush",1975,6.5
"hb","Hermit Thrush",1975,7.5
"hb","Veery",1975,2.5
"hb","Swainson's Thrush",1975,8
"hb","Philadelphia Vireo",1975,3.5
"hb","Red-eyed Vireo",1975,31
"hb","Bk.-thr. Green Warbler",1975,8
"hb","Bk.-thr. Blue Warbler",1975,12
"hb","Blackburnian Warbler",1975,6
"hb","Ovenbird",1975,18
"hb","American Redstart",1975,39
"hb","Scarlet Tanager",1975,1.5
"hb","Rose-br. Grosbeak",1975,7.5
"hb","Dark-eyed Junco",1975,5
"hb","Yellow-b.Sapsucker",1976,5
"hb","Hairy Woodpecker",1976,2
"hb","Downy Woodpecker",1976,2.5
"hb","Least Flycatcher",1976,28
"hb","White-br. Nuthatch",1976,1.5
"hb","Winter Wren",1976,5
"hb","Wood Thrush",1976,5
"hb","Hermit Thrush",1976,5
"hb","Veery",1976,2.5
"hb","Swainson's Thrush",1976,7
"hb","Philadelphia Vireo",1976,3.5
"hb","Solitary Vireo",1976,0.5
"hb","Red-eyed Vireo",1976,30
"hb","Bk.-thr. Green Warbler",1976,8
"hb","Bk.-thr. Blue Warbler",1976,11
"hb","Blackburnian Warbler",1976,2
"hb","Ovenbird",1976,18.5
"hb","American Redstart",1976,42
"hb","Scarlet Tanager",1976,1.5
"hb","Rose-br. Grosbeak",1976,7
"hb","Dark-eyed Junco",1976,6
"hb","Yellow-b.Sapsucker",1977,5
"hb","Hairy Woodpecker",1977,3
"hb","Downy Woodpecker",1977,3
"hb","Least Flycatcher",1977,34
"hb","Black-c. Chickadee",1977,2
"hb","White-br. Nuthatch",1977,3
"hb","Winter Wren",1977,1
"hb","Wood Thrush",1977,9
"hb","Hermit Thrush",1977,4
"hb","Veery",1977,3
"hb","Swainson's Thrush",1977,4
"hb","Philadelphia Vireo",1977,2
"hb","Solitary Vireo",1977,4
"hb","Red-eyed Vireo",1977,23.5
"hb","Bk.-thr. Green Warbler",1977,7
"hb","Bk.-thr. Blue Warbler",1977,12
"hb","Blackburnian Warbler",1977,3
"hb","Ovenbird",1977,9
"hb","American Redstart",1977,44
"hb","Scarlet Tanager",1977,4
"hb","Rose-br. Grosbeak",1977,5
"hb","Dark-eyed Junco",1977,2
"hb","Yellow-b.Sapsucker",1978,3
"hb","Hairy Woodpecker",1978,2
"hb","Downy Woodpecker",1978,3.5
"hb","Least Flycatcher",1978,22
"hb","White-br. Nuthatch",1978,2.5
"hb","Wood Thrush",1978,7
"hb","Hermit Thrush",1978,1.5
"hb","Veery",1978,4
"hb","Swainson's Thrush",1978,5
"hb","Philadelphia Vireo",1978,3
"hb","Solitary Vireo",1978,3
"hb","Red-eyed Vireo",1978,20
"hb","Bk.-thr. Green Warbler",1978,7.5
"hb","Bk.-thr. Blue Warbler",1978,10.5
"hb","Blackburnian Warbler",1978,1
"hb","Ovenbird",1978,13
"hb","American Redstart",1978,32.5
"hb","Scarlet Tanager",1978,3.5
"hb","Rose-br. Grosbeak",1978,4
"hb","Yellow-b.Sapsucker",1979,4
"hb","Hairy Woodpecker",1979,3
"hb","Downy Woodpecker",1979,2
"hb","Least Flycatcher",1979,22
"hb","White-br. Nuthatch",1979,1
"hb","Wood Thrush",1979,7
"hb","Veery",1979,3
"hb","Swainson's Thrush",1979,7
"hb","Philadelphia Vireo",1979,2
"hb","Red-eyed Vireo",1979,16
"hb","Bk.-thr. Green Warbler",1979,9
"hb","Bk.-thr. Blue Warbler",1979,14.5
"hb","Yellow-r. Warbler",1979,1
"hb","Blackburnian Warbler",1979,1
"hb","Ovenbird",1979,12
"hb","American Redstart",1979,36
"hb","Scarlet Tanager",1979,2
"hb","Rose-br. Grosbeak",1979,4
"hb","Yellow-b.Sapsucker",1980,2
"hb","Hairy Woodpecker",1980,2
"hb","Downy Woodpecker",1980,4
"hb","Least Flycatcher",1980,15
"hb","Blue Jay",1980,1
"hb","Black-c. Chickadee",1980,2
"hb","Brown Creeper",1980,2
"hb","White-br. Nuthatch",1980,2
"hb","Winter Wren",1980,1
"hb","Wood Thrush",1980,3
"hb","Hermit Thrush",1980,2
"hb","Veery",1980,1
"hb","Swainson's Thrush",1980,3
"hb","Philadelphia Vireo",1980,3
"hb","Red-eyed Vireo",1980,13
"hb","Bk.-thr. Green Warbler",1980,10
"hb","Bk.-thr. Blue Warbler",1980,8
"hb","Blackburnian Warbler",1980,2
"hb","Ovenbird",1980,10
"hb","American Redstart",1980,34.5
"hb","Scarlet Tanager",1980,4
"hb","Rose-br. Grosbeak",1980,6
"hb","Yellow-b.Sapsucker",1981,2.5
"hb","Hairy Woodpecker",1981,2
"hb","Least Flycatcher",1981,1
"hb","Wood Pewee",1981,2
"hb","Blue Jay",1981,1.5
"hb","Black-c. Chickadee",1981,1
"hb","White-br. Nuthatch",1981,3
"hb","Winter Wren",1981,0.5
"hb","Wood Thrush",1981,0.5
"hb","Hermit Thrush",1981,1
"hb","Veery",1981,2
"hb","Swainson's Thrush",1981,2
"hb","Philadelphia Vireo",1981,2
"hb","Red-eyed Vireo",1981,26
"hb","Bk.-thr. Green Warbler",1981,9
"hb","Bk.-thr. Blue Warbler",1981,12
"hb","Blackburnian Warbler",1981,3.5
"hb","Ovenbird",1981,10
"hb","American Redstart",1981,22
"hb","Scarlet Tanager",1981,5
"hb","Rose-br. Grosbeak",1981,8
"hb","Yellow-b.Sapsucker",1982,2
"hb","Hairy Woodpecker",1982,3
"hb","Downy Woodpecker",1982,1
"hb","White-br. Nuthatch",1982,2
"hb","Wood Thrush",1982,2
"hb","Hermit Thrush",1982,1
"hb","Veery",1982,3
"hb","Swainson's Thrush",1982,1
"hb","Philadelphia Vireo",1982,2
"hb","Red-eyed Vireo",1982,23
"hb","Bk.-thr. Green Warbler",1982,8.5
"hb","Bk.-thr. Blue Warbler",1982,14
"hb","Yellow-r. Warbler",1982,1
"hb","Blackburnian Warbler",1982,4.5
"hb","Ovenbird",1982,11
"hb","American Redstart",1982,32
"hb","Scarlet Tanager",1982,6
"hb","Rose-br. Grosbeak",1982,7
"hb","Yellow-b.Sapsucker",1983,2
"hb","Hairy Woodpecker",1983,0.5
"hb","Downy Woodpecker",1983,3
"hb","White-br. Nuthatch",1983,1.5
"hb","Wood Thrush",1983,2
"hb","Hermit Thrush",1983,2
"hb","Veery",1983,2
"hb","Swainson's Thrush",1983,2
"hb","Red-eyed Vireo",1983,22
"hb","Bk.-thr. Green Warbler",1983,11
"hb","Bk.-thr. Blue Warbler",1983,13.5
"hb","Blackburnian Warbler",1983,2
"hb","Ovenbird",1983,13.5
"hb","American Redstart",1983,30
"hb","Scarlet Tanager",1983,7
"hb","Rose-br. Grosbeak",1983,4
"hb","Yellow-b.Sapsucker",1984,2
"hb","Hairy Woodpecker",1984,1
"hb","Downy Woodpecker",1984,1.5
"hb","White-br. Nuthatch",1984,2.5
"hb","Wood Thrush",1984,1
"hb","Hermit Thrush",1984,3.5
"hb","Veery",1984,2
"hb","Swainson's Thrush",1984,2
"hb","Red-eyed Vireo",1984,20.5
"hb","Bk.-thr. Green Warbler",1984,7
"hb","Bk.-thr. Blue Warbler",1984,9.5
"hb","Blackburnian Warbler",1984,1
"hb","Ovenbird",1984,11
"hb","American Redstart",1984,14
"hb","Scarlet Tanager",1984,4
"hb","Rose-br. Grosbeak",1984,5
"hb","Dark-eyed Junco",1984,1
"hb","Ruby-thr. Hummingbird",1985,2
"hb","Yellow-b.Sapsucker",1985,1
"hb","Hairy Woodpecker",1985,2
"hb","Downy Woodpecker",1985,2
"hb","Black-c. Chickadee",1985,1
"hb","White-br. Nuthatch",1985,2
"hb","Wood Thrush",1985,1
"hb","Hermit Thrush",1985,2
"hb","Veery",1985,4.5
"hb","Swainson's Thrush",1985,4
"hb","Solitary Vireo",1985,0.5
"hb","Red-eyed Vireo",1985,21.5
"hb","Bk.-thr. Green Warbler",1985,15
"hb","Bk.-thr. Blue Warbler",1985,8.5
"hb","Yellow-r. Warbler",1985,3
"hb","Blackburnian Warbler",1985,0.5
"hb","Ovenbird",1985,10
"hb","American Redstart",1985,27
"hb","Scarlet Tanager",1985,3
"hb","Rose-br. Grosbeak",1985,5.5
"hb","Yellow-b.Sapsucker",1986,2
"hb","Hairy Woodpecker",1986,1.5
"hb","Brown Creeper",1986,0.5
"hb","White-br. Nuthatch",1986,1
"hb","Wood Thrush",1986,1.5
"hb","Hermit Thrush",1986,2
"hb","Veery",1986,2.5
"hb","Swainson's Thrush",1986,1.5
"hb","Red-eyed Vireo",1986,22
"hb","Bk.-thr. Green Warbler",1986,8.5
"hb","Bk.-thr. Blue Warbler",1986,10.5
"hb","Yellow-r. Warbler",1986,1.5
"hb","Blackburnian Warbler",1986,2
"hb","Ovenbird",1986,16
"hb","American Redstart",1986,13
"hb","Scarlet Tanager",1986,2
"hb","Rose-br. Grosbeak",1986,2.5
"hb","Yellow-b.Sapsucker",1987,2
"hb","Hairy Woodpecker",1987,1.5
"hb","White-br. Nuthatch",1987,1
"hb","Winter Wren",1987,0.5
"hb","Hermit Thrush",1987,2
"hb","Veery",1987,1.5
"hb","Swainson's Thrush",1987,2
"hb","Solitary Vireo",1987,0.5
"hb","Red-eyed Vireo",1987,19.5
"hb","Bk.-thr. Green Warbler",1987,12
"hb","Bk.-thr. Blue Warbler",1987,11.5
"hb","Ovenbird",1987,15.5
"hb","American Redstart",1987,11
"hb","Scarlet Tanager",1987,1.5
"hb","Rose-br. Grosbeak",1987,2.5
"hb","Yellow-b.Sapsucker",1988,1
"hb","Hairy Woodpecker",1988,1.5
"hb","Downy Woodpecker",1988,1.5
"hb","Least Flycatcher",1988,6
"hb","Blue Jay",1988,0.5
"hb","Brown Creeper",1988,0.5
"hb","White-br. Nuthatch",1988,1
"hb","Winter Wren",1988,1
"hb","Hermit Thrush",1988,4
"hb","Veery",1988,1.5
"hb","Swainson's Thrush",1988,2
"hb","Red-eyed Vireo",1988,22
"hb","Bk.-thr. Green Warbler",1988,17
"hb","Bk.-thr. Blue Warbler",1988,9
"hb","Yellow-r. Warbler",1988,2.5
"hb","Ovenbird",1988,21.5
"hb","American Redstart",1988,13.5
"hb","Scarlet Tanager",1988,2
"hb","Rose-br. Grosbeak",1988,2.5
"hb","Dark-eyed Junco",1988,2
"hb","Yellow-b.Sapsucker",1989,1.5
"hb","Hairy Woodpecker",1989,1
"hb","Downy Woodpecker",1989,2
"hb","Black-c. Chickadee",1989,2
"hb","White-br. Nuthatch",1989,2
"hb","Winter Wren",1989,1
"hb","Wood Thrush",1989,1
"hb","Hermit Thrush",1989,4
"hb","Veery",1989,0.5
"hb","Swainson's Thrush",1989,2
"hb","Red-eyed Vireo",1989,22.5
"hb","Bk.-thr. Green Warbler",1989,15.5
"hb","Bk.-thr. Blue Warbler",1989,15
"hb","Yellow-r. Warbler",1989,2
"hb","Blackburnian Warbler",1989,2
"hb","Ovenbird",1989,16
"hb","American Redstart",1989,5.5
"hb","Scarlet Tanager",1989,2.5
"hb","Rose-br. Grosbeak",1989,3
"hb","Ruby-thr. Hummingbird",1990,1
"hb","Yellow-b.Sapsucker",1990,3
"hb","Hairy Woodpecker",1990,1
"hb","Black-c. Chickadee",1990,2
"hb","Brown Creeper",1990,2.5
"hb","White-br. Nuthatch",1990,3
"hb","Winter Wren",1990,2
"hb","Wood Thrush",1990,1
"hb","Hermit Thrush",1990,5
"hb","Veery",1990,2
"hb","Swainson's Thrush",1990,3.5
"hb","Red-eyed Vireo",1990,24
"hb","Bk.-thr. Green Warbler",1990,17.5
"hb","Bk.-thr. Blue Warbler",1990,16
"hb","Yellow-r. Warbler",1990,2
"hb","Blackburnian Warbler",1990,1
"hb","Ovenbird",1990,20
"hb","American Redstart",1990,18.5
"hb","Scarlet Tanager",1990,1.5
"hb","Rose-br. Grosbeak",1990,4.5
"hb","Dark-eyed Junco",1990,2
"hb","Ruby-thr. Hummingbird",1991,2
"hb","Yellow-b.Sapsucker",1991,2
"hb","Hairy Woodpecker",1991,2
"hb","Downy Woodpecker",1991,1.5
"hb","Least Flycatcher",1991,1.5
"hb","Wood Pewee",1991,1
"hb","Black-c. Chickadee",1991,1
"hb","Brown Creeper",1991,2
"hb","White-br. Nuthatch",1991,1.5
"hb","Winter Wren",1991,3
"hb","Hermit Thrush",1991,2
"hb","Veery",1991,2.5
"hb","Swainson's Thrush",1991,2.5
"hb","Solitary Vireo",1991,2.5
"hb","Red-eyed Vireo",1991,25.5
"hb","Bk.-thr. Green Warbler",1991,13.5
"hb","Bk.-thr. Blue Warbler",1991,13.5
"hb","Yellow-r. Warbler",1991,2
"hb","Blackburnian Warbler",1991,2.5
"hb","Ovenbird",1991,17.5
"hb","American Redstart",1991,14
"hb","Scarlet Tanager",1991,2.5
"hb","Rose-br. Grosbeak",1991,2
"hb","Yellow-b.Sapsucker",1992,3
"hb","Hairy Woodpecker",1992,2
"hb","Downy Woodpecker",1992,2
"hb","Least Flycatcher",1992,1
"hb","Wood Pewee",1992,1
"hb","Black-c. Chickadee",1992,3
"hb","Brown Creeper",1992,0.5
"hb","White-br. Nuthatch",1992,2
"hb","Winter Wren",1992,1
"hb","Hermit Thrush",1992,5
"hb","Veery",1992,6
"hb","Swainson's Thrush",1992,3.5
"hb","Solitary Vireo",1992,2
"hb","Red-eyed Vireo",1992,15
"hb","Bk.-thr. Green Warbler",1992,18
"hb","Bk.-thr. Blue Warbler",1992,15
"hb","Yellow-r. Warbler",1992,3
"hb","Blackburnian Warbler",1992,3
"hb","Ovenbird",1992,15.5
"hb","American Redstart",1992,19
"hb","Scarlet Tanager",1992,4.5
"hb","Rose-br. Grosbeak",1992,4
"hb","Yellow-b.Sapsucker",1993,1
"hb","Hairy Woodpecker",1993,1
"hb","Wood Pewee",1993,1
"hb","Black-c. Chickadee",1993,2
"hb","White-br. Nuthatch",1993,2
"hb","Hermit Thrush",1993,3
"hb","Veery",1993,3.5
"hb","Swainson's Thrush",1993,2.5
"hb","Solitary Vireo",1993,2
"hb","Red-eyed Vireo",1993,16.5
"hb","Bk.-thr. Green Warbler",1993,17.5
"hb","Bk.-thr. Blue Warbler",1993,11
"hb","Ovenbird",1993,13.5
"hb","American Redstart",1993,13
"hb","Scarlet Tanager",1993,3.5
"hb","Rose-br. Grosbeak",1993,0.5
"hb","Yellow-b.Sapsucker",1994,2.5
"hb","Hairy Woodpecker",1994,1
"hb","Downy Woodpecker",1994,2.5
"hb","Wood Pewee",1994,1
"hb","Black-c. Chickadee",1994,2
"hb","Brown Creeper",1994,1.5
"hb","White-br. Nuthatch",1994,1
"hb","Winter Wren",1994,1
"hb","Hermit Thrush",1994,3.5
"hb","Veery",1994,4
"hb","Solitary Vireo",1994,1
"hb","Red-eyed Vireo",1994,18.5
"hb","Bk.-thr. Green Warbler",1994,13.5
"hb","Bk.-thr. Blue Warbler",1994,7
"hb","Ovenbird",1994,9
"hb","American Redstart",1994,7.5
"hb","Scarlet Tanager",1994,3.5
"hb","Rose-br. Grosbeak",1994,2
"hb","Dark-eyed Junco",1994,2
"hb","Ruffed Grouse",1995,2
"hb","Yellow-b.Sapsucker",1995,2
"hb","Hairy Woodpecker",1995,2
"hb","Black-c. Chickadee",1995,2
"hb","Hermit Thrush",1995,2
"hb","Veery",1995,3
"hb","Red-eyed Vireo",1995,18
"hb","Bk.-thr. Green Warbler",1995,14
"hb","Bk.-thr. Blue Warbler",1995,10
"hb","Ovenbird",1995,11
"hb","American Redstart",1995,2
"hb","Scarlet Tanager",1995,2
"hb","Rose-br. Grosbeak",1995,2
"hb","Ruffed Grouse",1996,1
"hb","Yellow-b.Sapsucker",1996,2
"hb","Hairy Woodpecker",1996,2
"hb","Blue Jay",1996,1
"hb","Brown Creeper",1996,1
"hb","White-br. Nuthatch",1996,3
"hb","Winter Wren",1996,1.5
"hb","Hermit Thrush",1996,5
"hb","Veery",1996,3
"hb","Swainson's Thrush",1996,0.5
"hb","Red-eyed Vireo",1996,19
"hb","Bk.-thr. Green Warbler",1996,16
"hb","Bk.-thr. Blue Warbler",1996,5.5
"hb","Yellow-r. Warbler",1996,2
"hb","Blackburnian Warbler",1996,3.5
"hb","Ovenbird",1996,12
"hb","American Redstart",1996,10.5
"hb","Scarlet Tanager",1996,2
"hb","Rose-br. Grosbeak",1996,2
"hb","Yellow-b.Sapsucker",1997,3
"hb","Hairy Woodpecker",1997,1
"hb","Downy Woodpecker",1997,1
"hb","Black-c. Chickadee",1997,2
"hb","White-br. Nuthatch",1997,1.5
"hb","Hermit Thrush",1997,1
"hb","Veery",1997,2.5
"hb","Swainson's Thrush",1997,2
"hb","Red-eyed Vireo",1997,22
"hb","Bk.-thr. Green Warbler",1997,8.5
"hb","Bk.-thr. Blue Warbler",1997,8.5
"hb","Yellow-r. Warbler",1997,2.5
"hb","Blackburnian Warbler",1997,4
"hb","Ovenbird",1997,10.5
"hb","American Redstart",1997,10.5
"hb","Scarlet Tanager",1997,2
"hb","Rose-br. Grosbeak",1997,4
"hb","Yellow-b.Sapsucker",1998,2
"hb","Black-c. Chickadee",1998,1
"hb","Brown Creeper",1998,2
"hb","Winter Wren",1998,4
"hb","Hermit Thrush",1998,3
"hb","Veery",1998,2
"hb","Red-eyed Vireo",1998,17
"hb","Bk.-thr. Green Warbler",1998,11
"hb","Bk.-thr. Blue Warbler",1998,8.5
"hb","Ovenbird",1998,9
"hb","American Redstart",1998,10
"hb","Scarlet Tanager",1998,2
"hb","Yellow-b.Sapsucker",1999,1.5
"hb","Hairy Woodpecker",1999,2.5
"hb","Downy Woodpecker",1999,1
"hb","Black-c. Chickadee",1999,3.5
"hb","White-br. Nuthatch",1999,2
"hb","Winter Wren",1999,1
"hb","Hermit Thrush",1999,3
"hb","Veery",1999,2.5
"hb","Solitary Vireo",1999,3
"hb","Red-eyed Vireo",1999,23.5
"hb","Bk.-thr. Green Warbler",1999,12.5
"hb","Bk.-thr. Blue Warbler",1999,11
"hb","Ovenbird",1999,4
"hb","American Redstart",1999,9.5
"hb","Scarlet Tanager",1999,2
"hb","Rose-br. Grosbeak",1999,2
"hb","Yellow-b.Sapsucker",2000,3
"hb","Hairy Woodpecker",2000,2
"hb","Brown Creeper",2000,2
"hb","White-br. Nuthatch",2000,2
"hb","Winter Wren",2000,1
"hb","Hermit Thrush",2000,3
"hb","Solitary Vireo",2000,1.5
"hb","Red-eyed Vireo",2000,28
"hb","Bk.-thr. Green Warbler",2000,15.5
"hb","Bk.-thr. Blue Warbler",2000,10.5
"hb","Yellow-r. Warbler",2000,2
"hb","Blackburnian Warbler",2000,2
"hb","Ovenbird",2000,7.5
"hb","American Redstart",2000,7.5
"hb","Scarlet Tanager",2000,1
"hb","Yellow-b.Sapsucker",2001,3
"hb","Hairy Woodpecker",2001,2
"hb","Brown Creeper",2001,2
"hb","White-br. Nuthatch",2001,1
"hb","Hermit Thrush",2001,4.5
"hb","Swainson's Thrush",2001,4
"hb","Solitary Vireo",2001,3.5
"hb","Red-eyed Vireo",2001,29
"hb","Bk.-thr. Green Warbler",2001,13.5
"hb","Bk.-thr. Blue Warbler",2001,9
"hb","Yellow-r. Warbler",2001,4
"hb","Blackburnian Warbler",2001,4
"hb","Ovenbird",2001,7
"hb","American Redstart",2001,4
"hb","Scarlet Tanager",2001,0.5
"hb","Yellow-b.Sapsucker",2002,2
"hb","Hairy Woodpecker",2002,1
"hb","Brown Creeper",2002,2
"hb","White-br. Nuthatch",2002,2
"hb","Winter Wren",2002,1
"hb","Hermit Thrush",2002,3
"hb","Red-eyed Vireo",2002,19
"hb","Bk.-thr. Green Warbler",2002,16
"hb","Bk.-thr. Blue Warbler",2002,9
"hb","Yellow-r. Warbler",2002,2
"hb","Blackburnian Warbler",2002,3
"hb","Ovenbird",2002,7.5
"hb","American Redstart",2002,2
"hb","Scarlet Tanager",2002,1
"hb","Yellow-b.Sapsucker",2003,4
"hb","Hairy Woodpecker",2003,3
"hb","Downy Woodpecker",2003,2
"hb","Black-c. Chickadee",2003,2
"hb","White-br. Nuthatch",2003,2
"hb","Hermit Thrush",2003,4.5
"hb","Solitary Vireo",2003,3
"hb","Red-eyed Vireo",2003,21
"hb","Bk.-thr. Green Warbler",2003,13
"hb","Bk.-thr. Blue Warbler",2003,7.5
"hb","Yellow-r. Warbler",2003,2
"hb","Blackburnian Warbler",2003,3
"hb","Ovenbird",2003,8
"hb","American Redstart",2003,7
"hb","Scarlet Tanager",2003,5
"hb","Rose-br. Grosbeak",2003,2
"hb","Yellow-b.Sapsucker",2004,4
"hb","Hairy Woodpecker",2004,2
"hb","Downy Woodpecker",2004,2
"hb","Black-c. Chickadee",2004,1
"hb","Winter Wren",2004,3
"hb","Hermit Thrush",2004,3
"hb","Red-eyed Vireo",2004,21
"hb","Bk.-thr. Green Warbler",2004,13.5
"hb","Bk.-thr. Blue Warbler",2004,6
"hb","Blackburnian Warbler",2004,2
"hb","Ovenbird",2004,8
"hb","American Redstart",2004,2
"hb","Scarlet Tanager",2004,4
"hb","Rose-br. Grosbeak",2004,4
"hb","Yellow-b.Sapsucker",2005,5
"hb","Hairy Woodpecker",2005,2.5
"hb","Downy Woodpecker",2005,1
"hb","Blue Jay",2005,1
"hb","Black-c. Chickadee",2005,2
"hb","Winter Wren",2005,2
"hb","Hermit Thrush",2005,4.5
"hb","Veery",2005,1
"hb","Red-eyed Vireo",2005,24.5
"hb","Bk.-thr. Green Warbler",2005,13
"hb","Bk.-thr. Blue Warbler",2005,8
"hb","Yellow-r. Warbler",2005,2
"hb","Blackburnian Warbler",2005,4
"hb","Ovenbird",2005,15.5
"hb","American Redstart",2005,1
"hb","Scarlet Tanager",2005,5.5
"hb","Rose-br. Grosbeak",2005,3
"hb","Ruffed Grouse",2006,1
"hb","Ruby-thr. Hummingbird",2006,1
"hb","Yellow-b.Sapsucker",2006,2
"hb","Hairy Woodpecker",2006,3
"hb","Downy Woodpecker",2006,2
"hb","Black-c. Chickadee",2006,4
"hb","Brown Creeper",2006,2
"hb","White-br. Nuthatch",2006,2
"hb","Winter Wren",2006,1.5
"hb","Hermit Thrush",2006,6.5
"hb","Solitary Vireo",2006,3
"hb","Red-eyed Vireo",2006,22
"hb","Bk.-thr. Green Warbler",2006,17.5
"hb","Bk.-thr. Blue Warbler",2006,10
"hb","Yellow-r. Warbler",2006,4.5
"hb","Blackburnian Warbler",2006,2
"hb","Ovenbird",2006,15
"hb","American Redstart",2006,2
"hb","Scarlet Tanager",2006,4
"hb","Rose-br. Grosbeak",2006,2.5
"hb","Ruffed Grouse",2007,1
"hb","Ruby-thr. Hummingbird",2007,1
"hb","Yellow-b.Sapsucker",2007,4
"hb","Hairy Woodpecker",2007,4
"hb","Blue Jay",2007,1
"hb","Black-c. Chickadee",2007,3
"hb","Brown Creeper",2007,1
"hb","White-br. Nuthatch",2007,2
"hb","Winter Wren",2007,1
"hb","Hermit Thrush",2007,4.5
"hb","Solitary Vireo",2007,2
"hb","Red-eyed Vireo",2007,19
"hb","Bk.-thr. Green Warbler",2007,16
"hb","Bk.-thr. Blue Warbler",2007,10.5
"hb","Yellow-r. Warbler",2007,2
"hb","Blackburnian Warbler",2007,2
"hb","Ovenbird",2007,20
"hb","American Redstart",2007,2
"hb","Scarlet Tanager",2007,1.5
"hb","Rose-br. Grosbeak",2007,2.5
"hb","Yellow-b.Sapsucker",2008,3.5
"hb","Hairy Woodpecker",2008,2.5
"hb","Winter Wren",2008,2.5
"hb","Hermit Thrush",2008,4.5
"hb","Swainson's Thrush",2008,2
"hb","Solitary Vireo",2008,4
"hb","Red-eyed Vireo",2008,19.5
"hb","Bk.-thr. Green Warbler",2008,15.5
"hb","Bk.-thr. Blue Warbler",2008,5
"hb","Yellow-r. Warbler",2008,0.5
"hb","Blackburnian Warbler",2008,2
"hb","Ovenbird",2008,21
"hb","American Redstart",2008,3
"hb","Scarlet Tanager",2008,3
"hb","Rose-br. Grosbeak",2008,3
"hb","Yellow-b.Sapsucker",2009,3.5
"hb","Hairy Woodpecker",2009,2.5
"hb","Black-c. Chickadee",2009,0.5
"hb","White-br. Nuthatch",2009,0.5
"hb","Hermit Thrush",2009,6.5
"hb","Swainson's Thrush",2009,2
"hb","Solitary Vireo",2009,2.5
"hb","Red-eyed Vireo",2009,27
"hb","Blk. & Wh. Warbler",2009,2
"hb","Bk.-thr. Green Warbler",2009,24.5
"hb","Bk.-thr. Blue Warbler",2009,6.5
"hb","Blackburnian Warbler",2009,2
"hb","Ovenbird",2009,21.5
"hb","American Redstart",2009,0.5
"hb","Scarlet Tanager",2009,1.5
"hb","Rose-br. Grosbeak",2009,2
"hb","Ruby-thr. Hummingbird",2010,1
"hb","Yellow-b.Sapsucker",2010,4.5
"hb","Hairy Woodpecker",2010,2.5
"hb","Downy Woodpecker",2010,3
"hb","Brown Creeper",2010,4
"hb","Winter Wren",2010,1
"hb","Hermit Thrush",2010,5.5
"hb","Swainson's Thrush",2010,3
"hb","Red-eyed Vireo",2010,23.5
"hb","Bk.-thr. Green Warbler",2010,20.5
"hb","Bk.-thr. Blue Warbler",2010,7.5
"hb","Yellow-r. Warbler",2010,2.5
"hb","Blackburnian Warbler",2010,4
"hb","Ovenbird",2010,17
"hb","Scarlet Tanager",2010,4.5
"hb","Rose-br. Grosbeak",2010,3.5
"mk","Yellow-b.Sapsucker",1969,6
"mk","Hairy Woodpecker",1969,2
"mk","Downy Woodpecker",1969,6
"mk","Least Flycatcher",1969,26
"mk","Wood Pewee",1969,1
"mk","Black-c. Chickadee",1969,4
"mk","Brown Creeper",1969,2
"mk","White-br. Nuthatch",1969,8
"mk","Winter Wren",1969,1
"mk","Wood Thrush",1969,7
"mk","Hermit Thrush",1969,6
"mk","Veery",1969,2
"mk","Swainson's Thrush",1969,9
"mk","Philadelphia Vireo",1969,4
"mk","Red-eyed Vireo",1969,20
"mk","Bk.-thr. Green Warbler",1969,8
"mk","Bk.-thr. Blue Warbler",1969,4
"mk","Blackburnian Warbler",1969,2
"mk","Ovenbird",1969,6
"mk","American Redstart",1969,12
"mk","Scarlet Tanager",1969,4
"mk","Rose-br. Grosbeak",1969,8
"mk","Dark-eyed Junco",1969,8
"mk","Purple Finch",1969,2
"mk","Yellow-b.Sapsucker",1970,3
"mk","Hairy Woodpecker",1970,1
"mk","Downy Woodpecker",1970,3
"mk","Least Flycatcher",1970,28
"mk","Black-c. Chickadee",1970,1
"mk","White-br. Nuthatch",1970,2
"mk","Winter Wren",1970,0.5
"mk","Robin",1970,0.5
"mk","Wood Thrush",1970,6
"mk","Hermit Thrush",1970,8
"mk","Veery",1970,2
"mk","Swainson's Thrush",1970,8
"mk","Philadelphia Vireo",1970,7
"mk","Red-eyed Vireo",1970,24
"mk","Bk.-thr. Green Warbler",1970,9
"mk","Bk.-thr. Blue Warbler",1970,8
"mk","Blackburnian Warbler",1970,5.5
"mk","Ovenbird",1970,6
"mk","American Redstart",1970,26
"mk","Scarlet Tanager",1970,6
"mk","Rose-br. Grosbeak",1970,4
"mk","Dark-eyed Junco",1970,4
"mk","Yellow-b.Sapsucker",1971,4
"mk","Hairy Woodpecker",1971,1
"mk","Downy Woodpecker",1971,3
"mk","Least Flycatcher",1971,43
"mk","Wood Pewee",1971,1
"mk","Black-c. Chickadee",1971,0.5
"mk","Brown Creeper",1971,0.5
"mk","White-br. Nuthatch",1971,2
"mk","Winter Wren",1971,1.5
"mk","Robin",1971,4.5
"mk","Wood Thrush",1971,9
"mk","Hermit Thrush",1971,7
"mk","Veery",1971,5
"mk","Swainson's Thrush",1971,11
"mk","Philadelphia Vireo",1971,5
"mk","Red-eyed Vireo",1971,29
"mk","Bk.-thr. Green Warbler",1971,12
"mk","Bk.-thr. Blue Warbler",1971,11
"mk","Blackburnian Warbler",1971,4
"mk","Ovenbird",1971,9
"mk","American Redstart",1971,29
"mk","Scarlet Tanager",1971,5
"mk","Rose-br. Grosbeak",1971,6
"mk","Dark-eyed Junco",1971,8
"mk","Purple Finch",1971,1
"mk","Yellow-b.Sapsucker",1972,4
"mk","Hairy Woodpecker",1972,2
"mk","Downy Woodpecker",1972,2
"mk","Least Flycatcher",1972,49.5
"mk","Black-c. Chickadee",1972,0.5
"mk","White-br. Nuthatch",1972,2
"mk","Winter Wren",1972,0.5
"mk","Robin",1972,1.5
"mk","Wood Thrush",1972,7
"mk","Hermit Thrush",1972,7
"mk","Veery",1972,2
"mk","Swainson's Thrush",1972,11
"mk","Philadelphia Vireo",1972,8
"mk","Solitary Vireo",1972,0.5
"mk","Red-eyed Vireo",1972,22
"mk","Bk.-thr. Green Warbler",1972,7
"mk","Bk.-thr. Blue Warbler",1972,9
"mk","Yellow-r. Warbler",1972,1
"mk","Blackburnian Warbler",1972,7
"mk","Ovenbird",1972,9
"mk","American Redstart",1972,29
"mk","Scarlet Tanager",1972,8
"mk","Rose-br. Grosbeak",1972,10
"mk","Dark-eyed Junco",1972,8
"mk","Purple Finch",1972,6
"mk","Yellow-b.Sapsucker",1973,4
"mk","Hairy Woodpecker",1973,2
"mk","Downy Woodpecker",1973,2
"mk","Least Flycatcher",1973,57
"mk","Brown Creeper",1973,0.5
"mk","White-br. Nuthatch",1973,1
"mk","Winter Wren",1973,3
"mk","Wood Thrush",1973,4
"mk","Hermit Thrush",1973,4
"mk","Veery",1973,1
"mk","Swainson's Thrush",1973,9
"mk","Philadelphia Vireo",1973,4
"mk","Solitary Vireo",1973,1
"mk","Red-eyed Vireo",1973,26
"mk","Bk.-thr. Green Warbler",1973,6
"mk","Bk.-thr. Blue Warbler",1973,11
"mk","Blackburnian Warbler",1973,4
"mk","Ovenbird",1973,11
"mk","American Redstart",1973,26
"mk","Scarlet Tanager",1973,7
"mk","Rose-br. Grosbeak",1973,4.5
"mk","Dark-eyed Junco",1973,2
"mk","Purple Finch",1973,2
"mk","Ruby-thr. Hummingbird",1974,3
"mk","Yellow-b.Sapsucker",1974,3
"mk","Hairy Woodpecker",1974,1
"mk","Downy Woodpecker",1974,2
"mk","Least Flycatcher",1974,26
"mk","Black-c. Chickadee",1974,1
"mk","Brown Creeper",1974,1
"mk","White-br. Nuthatch",1974,1
"mk","Winter Wren",1974,6
"mk","Wood Thrush",1974,5
"mk","Hermit Thrush",1974,2
"mk","Veery",1974,0.5
"mk","Swainson's Thrush",1974,6.5
"mk","Philadelphia Vireo",1974,4
"mk","Solitary Vireo",1974,1
"mk","Red-eyed Vireo",1974,23
"mk","Bk.-thr. Green Warbler",1974,10
"mk","Bk.-thr. Blue Warbler",1974,11
"mk","Blackburnian Warbler",1974,6
"mk","Ovenbird",1974,10
"mk","American Redstart",1974,22
"mk","Scarlet Tanager",1974,3
"mk","Rose-br. Grosbeak",1974,8
"mk","Dark-eyed Junco",1974,5
"mk","Yellow-b.Sapsucker",1975,5
"mk","Hairy Woodpecker",1975,2
"mk","Downy Woodpecker",1975,3
"mk","Least Flycatcher",1975,30
"mk","Black-c. Chickadee",1975,1
"mk","White-br. Nuthatch",1975,1.5
"mk","Winter Wren",1975,2
"mk","Wood Thrush",1975,6.5
"mk","Hermit Thrush",1975,7.5
"mk","Veery",1975,2.5
"mk","Swainson's Thrush",1975,8
"mk","Philadelphia Vireo",1975,3.5
"mk","Red-eyed Vireo",1975,31
"mk","Bk.-thr. Green Warbler",1975,8
"mk","Bk.-thr. Blue Warbler",1975,12
"mk","Blackburnian Warbler",1975,6
"mk","Ovenbird",1975,18
"mk","American Redstart",1975,39
"mk","Scarlet Tanager",1975,1.5
"mk","Rose-br. Grosbeak",1975,7.5
"mk","Dark-eyed Junco",1975,5
"mk","Yellow-b.Sapsucker",1976,5
"mk","Hairy Woodpecker",1976,2
"mk","Downy Woodpecker",1976,2.5
"mk","Least Flycatcher",1976,28
"mk","White-br. Nuthatch",1976,1.5
"mk","Winter Wren",1976,5
"mk","Wood Thrush",1976,5
"mk","Hermit Thrush",1976,5
"mk","Veery",1976,2.5
"mk","Swainson's Thrush",1976,7
"mk","Philadelphia Vireo",1976,3.5
"mk","Solitary Vireo",1976,0.5
"mk","Red-eyed Vireo",1976,30
"mk","Bk.-thr. Green Warbler",1976,8
"mk","Bk.-thr. Blue Warbler",1976,11
"mk","Blackburnian Warbler",1976,2
"mk","Ovenbird",1976,18.5
"mk","American Redstart",1976,42
"mk","Scarlet Tanager",1976,1.5
"mk","Rose-br. Grosbeak",1976,7
"mk","Dark-eyed Junco",1976,6
"mk","Yellow-b.Sapsucker",1977,5
"mk","Hairy Woodpecker",1977,3
"mk","Downy Woodpecker",1977,3
"mk","Least Flycatcher",1977,34
"mk","Black-c. Chickadee",1977,2
"mk","White-br. Nuthatch",1977,3
"mk","Winter Wren",1977,1
"mk","Wood Thrush",1977,9
"mk","Hermit Thrush",1977,4
"mk","Veery",1977,3
"mk","Swainson's Thrush",1977,4
"mk","Philadelphia Vireo",1977,2
"mk","Solitary Vireo",1977,4
"mk","Red-eyed Vireo",1977,23.5
"mk","Bk.-thr. Green Warbler",1977,7
"mk","Bk.-thr. Blue Warbler",1977,12
"mk","Blackburnian Warbler",1977,3
"mk","Ovenbird",1977,9
"mk","American Redstart",1977,44
"mk","Scarlet Tanager",1977,4
"mk","Rose-br. Grosbeak",1977,5
"mk","Dark-eyed Junco",1977,2
"mk","Yellow-b.Sapsucker",1978,3
"mk","Hairy Woodpecker",1978,2
"mk","Downy Woodpecker",1978,3.5
"mk","Least Flycatcher",1978,22
"mk","White-br. Nuthatch",1978,2.5
"mk","Wood Thrush",1978,7
"mk","Hermit Thrush",1978,1.5
"mk","Veery",1978,4
"mk","Swainson's Thrush",1978,5
"mk","Philadelphia Vireo",1978,3
"mk","Solitary Vireo",1978,3
"mk","Red-eyed Vireo",1978,20
"mk","Bk.-thr. Green Warbler",1978,7.5
"mk","Bk.-thr. Blue Warbler",1978,10.5
"mk","Blackburnian Warbler",1978,1
"mk","Ovenbird",1978,13
"mk","American Redstart",1978,32.5
"mk","Scarlet Tanager",1978,3.5
"mk","Rose-br. Grosbeak",1978,4
"mk","Yellow-b.Sapsucker",1979,4
"mk","Hairy Woodpecker",1979,3
"mk","Downy Woodpecker",1979,2
"mk","Least Flycatcher",1979,22
"mk","White-br. Nuthatch",1979,1
"mk","Wood Thrush",1979,7
"mk","Veery",1979,3
"mk","Swainson's Thrush",1979,7
"mk","Philadelphia Vireo",1979,2
"mk","Red-eyed Vireo",1979,16
"mk","Bk.-thr. Green Warbler",1979,9
"mk","Bk.-thr. Blue Warbler",1979,14.5
"mk","Yellow-r. Warbler",1979,1
"mk","Blackburnian Warbler",1979,1
"mk","Ovenbird",1979,12
"mk","American Redstart",1979,36
"mk","Scarlet Tanager",1979,2
"mk","Rose-br. Grosbeak",1979,4
"mk","Yellow-b.Sapsucker",1980,2
"mk","Hairy Woodpecker",1980,2
"mk","Downy Woodpecker",1980,4
"mk","Least Flycatcher",1980,15
"mk","Blue Jay",1980,1
"mk","Black-c. Chickadee",1980,2
"mk","Brown Creeper",1980,2
"mk","White-br. Nuthatch",1980,2
"mk","Winter Wren",1980,1
"mk","Wood Thrush",1980,3
"mk","Hermit Thrush",1980,2
"mk","Veery",1980,1
"mk","Swainson's Thrush",1980,3
"mk","Philadelphia Vireo",1980,3
"mk","Red-eyed Vireo",1980,13
"mk","Bk.-thr. Green Warbler",1980,10
"mk","Bk.-thr. Blue Warbler",1980,8
"mk","Blackburnian Warbler",1980,2
"mk","Ovenbird",1980,10
"mk","American Redstart",1980,34.5
"mk","Scarlet Tanager",1980,4
"mk","Rose-br. Grosbeak",1980,6
"mk","Yellow-b.Sapsucker",1981,2.5
"mk","Hairy Woodpecker",1981,2
"mk","Least Flycatcher",1981,1
"mk","Wood Pewee",1981,2
"mk","Blue Jay",1981,1.5
"mk","Black-c. Chickadee",1981,1
"mk","White-br. Nuthatch",1981,3
"mk","Winter Wren",1981,0.5
"mk","Wood Thrush",1981,0.5
"mk","Hermit Thrush",1981,1
"mk","Veery",1981,2
"mk","Swainson's Thrush",1981,2
"mk","Philadelphia Vireo",1981,2
"mk","Red-eyed Vireo",1981,26
"mk","Bk.-thr. Green Warbler",1981,9
"mk","Bk.-thr. Blue Warbler",1981,12
"mk","Blackburnian Warbler",1981,3.5
"mk","Ovenbird",1981,10
"mk","American Redstart",1981,22
"mk","Scarlet Tanager",1981,5
"mk","Rose-br. Grosbeak",1981,8
"mk","Yellow-b.Sapsucker",1982,2
"mk","Hairy Woodpecker",1982,3
"mk","Downy Woodpecker",1982,1
"mk","White-br. Nuthatch",1982,2
"mk","Wood Thrush",1982,2
"mk","Hermit Thrush",1982,1
"mk","Veery",1982,3
"mk","Swainson's Thrush",1982,1
"mk","Philadelphia Vireo",1982,2
"mk","Red-eyed Vireo",1982,23
"mk","Bk.-thr. Green Warbler",1982,8.5
"mk","Bk.-thr. Blue Warbler",1982,14
"mk","Yellow-r. Warbler",1982,1
"mk","Blackburnian Warbler",1982,4.5
"mk","Ovenbird",1982,11
"mk","American Redstart",1982,32
"mk","Scarlet Tanager",1982,6
"mk","Rose-br. Grosbeak",1982,7
"mk","Yellow-b.Sapsucker",1983,2
"mk","Hairy Woodpecker",1983,0.5
"mk","Downy Woodpecker",1983,3
"mk","White-br. Nuthatch",1983,1.5
"mk","Wood Thrush",1983,2
"mk","Hermit Thrush",1983,2
"mk","Veery",1983,2
"mk","Swainson's Thrush",1983,2
"mk","Red-eyed Vireo",1983,22
"mk","Bk.-thr. Green Warbler",1983,11
"mk","Bk.-thr. Blue Warbler",1983,13.5
"mk","Blackburnian Warbler",1983,2
"mk","Ovenbird",1983,13.5
"mk","American Redstart",1983,30
"mk","Scarlet Tanager",1983,7
"mk","Rose-br. Grosbeak",1983,4
"mk","Yellow-b.Sapsucker",1984,2
"mk","Hairy Woodpecker",1984,1
"mk","Downy Woodpecker",1984,1.5
"mk","White-br. Nuthatch",1984,2.5
"mk","Wood Thrush",1984,1
"mk","Hermit Thrush",1984,3.5
"mk","Veery",1984,2
"mk","Swainson's Thrush",1984,2
"mk","Red-eyed Vireo",1984,20.5
"mk","Bk.-thr. Green Warbler",1984,7
"mk","Bk.-thr. Blue Warbler",1984,9.5
"mk","Blackburnian Warbler",1984,1
"mk","Ovenbird",1984,11
"mk","American Redstart",1984,14
"mk","Scarlet Tanager",1984,4
"mk","Rose-br. Grosbeak",1984,5
"mk","Dark-eyed Junco",1984,1
"mk","Ruby-thr. Hummingbird",1985,2
"mk","Yellow-b.Sapsucker",1985,1
"mk","Hairy Woodpecker",1985,2
"mk","Downy Woodpecker",1985,2
"mk","Black-c. Chickadee",1985,1
"mk","White-br. Nuthatch",1985,2
"mk","Wood Thrush",1985,1
"mk","Hermit Thrush",1985,2
"mk","Veery",1985,4.5
"mk","Swainson's Thrush",1985,4
"mk","Solitary Vireo",1985,0.5
"mk","Red-eyed Vireo",1985,21.5
"mk","Bk.-thr. Green Warbler",1985,15
"mk","Bk.-thr. Blue Warbler",1985,8.5
"mk","Yellow-r. Warbler",1985,3
"mk","Blackburnian Warbler",1985,0.5
"mk","Ovenbird",1985,10
"mk","American Redstart",1985,27
"mk","Scarlet Tanager",1985,3
"mk","Rose-br. Grosbeak",1985,5.5
"mk","Yellow-b.Sapsucker",1986,2
"mk","Hairy Woodpecker",1986,1.5
"mk","Brown Creeper",1986,0.5
"mk","White-br. Nuthatch",1986,1
"mk","Wood Thrush",1986,1.5
"mk","Hermit Thrush",1986,2
"mk","Veery",1986,2.5
"mk","Swainson's Thrush",1986,1.5
"mk","Red-eyed Vireo",1986,22
"mk","Bk.-thr. Green Warbler",1986,8.5
"mk","Bk.-thr. Blue Warbler",1986,10.5
"mk","Yellow-r. Warbler",1986,1.5
"mk","Blackburnian Warbler",1986,2
"mk","Ovenbird",1986,16
"mk","American Redstart",1986,13
"mk","Scarlet Tanager",1986,2
"mk","Rose-br. Grosbeak",1986,2.5
"mk","Yellow-b.Sapsucker",1987,2
"mk","Hairy Woodpecker",1987,1.5
"mk","White-br. Nuthatch",1987,1
"mk","Winter Wren",1987,0.5
"mk","Hermit Thrush",1987,2
"mk","Veery",1987,1.5
"mk","Swainson's Thrush",1987,2
"mk","Solitary Vireo",1987,0.5
"mk","Red-eyed Vireo",1987,19.5
"mk","Bk.-thr. Green Warbler",1987,12
"mk","Bk.-thr. Blue Warbler",1987,11.5
"mk","Ovenbird",1987,15.5
"mk","American Redstart",1987,11
"mk","Scarlet Tanager",1987,1.5
"mk","Rose-br. Grosbeak",1987,2.5
"mk","Yellow-b.Sapsucker",1988,1
"mk","Hairy Woodpecker",1988,1.5
"mk","Downy Woodpecker",1988,1.5
"mk","Least Flycatcher",1988,6
"mk","Blue Jay",1988,0.5
"mk","Brown Creeper",1988,0.5
"mk","White-br. Nuthatch",1988,1
"mk","Winter Wren",1988,1
"mk","Hermit Thrush",1988,4
"mk","Veery",1988,1.5
"mk","Swainson's Thrush",1988,2
"mk","Red-eyed Vireo",1988,22
"mk","Bk.-thr. Green Warbler",1988,17
"mk","Bk.-thr. Blue Warbler",1988,9
"mk","Yellow-r. Warbler",1988,2.5
"mk","Ovenbird",1988,21.5
"mk","American Redstart",1988,13.5
"mk","Scarlet Tanager",1988,2
"mk","Rose-br. Grosbeak",1988,2.5
"mk","Dark-eyed Junco",1988,2
"mk","Yellow-b.Sapsucker",1989,1.5
"mk","Hairy Woodpecker",1989,1
"mk","Downy Woodpecker",1989,2
"mk","Black-c. Chickadee",1989,2
"mk","White-br. Nuthatch",1989,2
"mk","Winter Wren",1989,1
"mk","Wood Thrush",1989,1
"mk","Hermit Thrush",1989,4
"mk","Veery",1989,0.5
"mk","Swainson's Thrush",1989,2
"mk","Red-eyed Vireo",1989,22.5
"mk","Bk.-thr. Green Warbler",1989,15.5
"mk","Bk.-thr. Blue Warbler",1989,15
"mk","Yellow-r. Warbler",1989,2
"mk","Blackburnian Warbler",1989,2
"mk","Ovenbird",1989,16
"mk","American Redstart",1989,5.5
"mk","Scarlet Tanager",1989,2.5
"mk","Rose-br. Grosbeak",1989,3
"mk","Ruby-thr. Hummingbird",1990,1
"mk","Yellow-b.Sapsucker",1990,3
"mk","Hairy Woodpecker",1990,1
"mk","Black-c. Chickadee",1990,2
"mk","Brown Creeper",1990,2.5
"mk","White-br. Nuthatch",1990,3
"mk","Winter Wren",1990,2
"mk","Wood Thrush",1990,1
"mk","Hermit Thrush",1990,5
"mk","Veery",1990,2
"mk","Swainson's Thrush",1990,3.5
"mk","Red-eyed Vireo",1990,24
"mk","Bk.-thr. Green Warbler",1990,17.5
"mk","Bk.-thr. Blue Warbler",1990,16
"mk","Yellow-r. Warbler",1990,2
"mk","Blackburnian Warbler",1990,1
"mk","Ovenbird",1990,20
"mk","American Redstart",1990,18.5
"mk","Scarlet Tanager",1990,1.5
"mk","Rose-br. Grosbeak",1990,4.5
"mk","Dark-eyed Junco",1990,2
"mk","Ruby-thr. Hummingbird",1991,2
"mk","Yellow-b.Sapsucker",1991,2
"mk","Hairy Woodpecker",1991,2
"mk","Downy Woodpecker",1991,1.5
"mk","Least Flycatcher",1991,1.5
"mk","Wood Pewee",1991,1
"mk","Black-c. Chickadee",1991,1
"mk","Brown Creeper",1991,2
"mk","White-br. Nuthatch",1991,1.5
"mk","Winter Wren",1991,3
"mk","Hermit Thrush",1991,2
"mk","Veery",1991,2.5
"mk","Swainson's Thrush",1991,2.5
"mk","Solitary Vireo",1991,2.5
"mk","Red-eyed Vireo",1991,25.5
"mk","Bk.-thr. Green Warbler",1991,13.5
"mk","Bk.-thr. Blue Warbler",1991,13.5
"mk","Yellow-r. Warbler",1991,2
"mk","Blackburnian Warbler",1991,2.5
"mk","Ovenbird",1991,17.5
"mk","American Redstart",1991,14
"mk","Scarlet Tanager",1991,2.5
"mk","Rose-br. Grosbeak",1991,2
"mk","Yellow-b.Sapsucker",1992,3
"mk","Hairy Woodpecker",1992,2
"mk","Downy Woodpecker",1992,2
"mk","Least Flycatcher",1992,1
"mk","Wood Pewee",1992,1
"mk","Black-c. Chickadee",1992,3
"mk","Brown Creeper",1992,0.5
"mk","White-br. Nuthatch",1992,2
"mk","Winter Wren",1992,1
"mk","Hermit Thrush",1992,5
"mk","Veery",1992,6
"mk","Swainson's Thrush",1992,3.5
"mk","Solitary Vireo",1992,2
"mk","Red-eyed Vireo",1992,15
"mk","Bk.-thr. Green Warbler",1992,18
"mk","Bk.-thr. Blue Warbler",1992,15
"mk","Yellow-r. Warbler",1992,3
"mk","Blackburnian Warbler",1992,3
"mk","Ovenbird",1992,15.5
"mk","American Redstart",1992,19
"mk","Scarlet Tanager",1992,4.5
"mk","Rose-br. Grosbeak",1992,4
"mk","Yellow-b.Sapsucker",1993,1
"mk","Hairy Woodpecker",1993,1
"mk","Wood Pewee",1993,1
"mk","Black-c. Chickadee",1993,2
"mk","White-br. Nuthatch",1993,2
"mk","Hermit Thrush",1993,3
"mk","Veery",1993,3.5
"mk","Swainson's Thrush",1993,2.5
"mk","Solitary Vireo",1993,2
"mk","Red-eyed Vireo",1993,16.5
"mk","Bk.-thr. Green Warbler",1993,17.5
"mk","Bk.-thr. Blue Warbler",1993,11
"mk","Ovenbird",1993,13.5
"mk","American Redstart",1993,13
"mk","Scarlet Tanager",1993,3.5
"mk","Rose-br. Grosbeak",1993,0.5
"mk","Yellow-b.Sapsucker",1994,2.5
"mk","Hairy Woodpecker",1994,1
"mk","Downy Woodpecker",1994,2.5
"mk","Wood Pewee",1994,1
"mk","Black-c. Chickadee",1994,2
"mk","Brown Creeper",1994,1.5
"mk","White-br. Nuthatch",1994,1
"mk","Winter Wren",1994,1
"mk","Hermit Thrush",1994,3.5
"mk","Veery",1994,4
"mk","Solitary Vireo",1994,1
"mk","Red-eyed Vireo",1994,18.5
"mk","Bk.-thr. Green Warbler",1994,13.5
"mk","Bk.-thr. Blue Warbler",1994,7
"mk","Ovenbird",1994,9
"mk","American Redstart",1994,7.5
"mk","Scarlet Tanager",1994,3.5
"mk","Rose-br. Grosbeak",1994,2
"mk","Dark-eyed Junco",1994,2
"mk","Ruffed Grouse",1995,2
"mk","Yellow-b.Sapsucker",1995,2
"mk","Hairy Woodpecker",1995,2
"mk","Black-c. Chickadee",1995,2
"mk","Hermit Thrush",1995,2
"mk","Veery",1995,3
"mk","Red-eyed Vireo",1995,18
"mk","Bk.-thr. Green Warbler",1995,14
"mk","Bk.-thr. Blue Warbler",1995,10
"mk","Ovenbird",1995,11
"mk","American Redstart",1995,2
"mk","Scarlet Tanager",1995,2
"mk","Rose-br. Grosbeak",1995,2
"mk","Ruffed Grouse",1996,1
"mk","Yellow-b.Sapsucker",1996,2
"mk","Hairy Woodpecker",1996,2
"mk","Blue Jay",1996,1
"mk","Brown Creeper",1996,1
"mk","White-br. Nuthatch",1996,3
"mk","Winter Wren",1996,1.5
"mk","Hermit Thrush",1996,5
"mk","Veery",1996,3
"mk","Swainson's Thrush",1996,0.5
"mk","Red-eyed Vireo",1996,19
"mk","Bk.-thr. Green Warbler",1996,16
"mk","Bk.-thr. Blue Warbler",1996,5.5
"mk","Yellow-r. Warbler",1996,2
"mk","Blackburnian Warbler",1996,3.5
"mk","Ovenbird",1996,12
"mk","American Redstart",1996,10.5
"mk","Scarlet Tanager",1996,2
"mk","Rose-br. Grosbeak",1996,2
"mk","Yellow-b.Sapsucker",1997,3
"mk","Hairy Woodpecker",1997,1
"mk","Downy Woodpecker",1997,1
"mk","Black-c. Chickadee",1997,2
"mk","White-br. Nuthatch",1997,1.5
"mk","Hermit Thrush",1997,1
"mk","Veery",1997,2.5
"mk","Swainson's Thrush",1997,2
"mk","Red-eyed Vireo",1997,22
"mk","Bk.-thr. Green Warbler",1997,8.5
"mk","Bk.-thr. Blue Warbler",1997,8.5
"mk","Yellow-r. Warbler",1997,2.5
"mk","Blackburnian Warbler",1997,4
"mk","Ovenbird",1997,10.5
"mk","American Redstart",1997,10.5
"mk","Scarlet Tanager",1997,2
"mk","Rose-br. Grosbeak",1997,4
"mk","Yellow-b.Sapsucker",1998,2
"mk","Black-c. Chickadee",1998,1
"mk","Brown Creeper",1998,2
"mk","Winter Wren",1998,4
"mk","Hermit Thrush",1998,3
"mk","Veery",1998,2
"mk","Red-eyed Vireo",1998,17
"mk","Bk.-thr. Green Warbler",1998,11
"mk","Bk.-thr. Blue Warbler",1998,8.5
"mk","Ovenbird",1998,9
"mk","American Redstart",1998,10
"mk","Scarlet Tanager",1998,2
"mk","Yellow-b.Sapsucker",1999,1.5
"mk","Hairy Woodpecker",1999,2.5
"mk","Downy Woodpecker",1999,1
"mk","Black-c. Chickadee",1999,3.5
"mk","White-br. Nuthatch",1999,2
"mk","Winter Wren",1999,1
"mk","Hermit Thrush",1999,3
"mk","Veery",1999,2.5
"mk","Solitary Vireo",1999,3
"mk","Red-eyed Vireo",1999,23.5
"mk","Bk.-thr. Green Warbler",1999,12.5
"mk","Bk.-thr. Blue Warbler",1999,11
"mk","Ovenbird",1999,4
"mk","American Redstart",1999,9.5
"mk","Scarlet Tanager",1999,2
"mk","Rose-br. Grosbeak",1999,2
"mk","Yellow-b.Sapsucker",2000,3
"mk","Hairy Woodpecker",2000,2
"mk","Brown Creeper",2000,2
"mk","White-br. Nuthatch",2000,2
"mk","Winter Wren",2000,1
"mk","Hermit Thrush",2000,3
"mk","Solitary Vireo",2000,1.5
"mk","Red-eyed Vireo",2000,28
"mk","Bk.-thr. Green Warbler",2000,15.5
"mk","Bk.-thr. Blue Warbler",2000,10.5
"mk","Yellow-r. Warbler",2000,2
"mk","Blackburnian Warbler",2000,2
"mk","Ovenbird",2000,7.5
"mk","American Redstart",2000,7.5
"mk","Scarlet Tanager",2000,1
"mk","Yellow-b.Sapsucker",2001,3
"mk","Hairy Woodpecker",2001,2
"mk","Brown Creeper",2001,2
"mk","White-br. Nuthatch",2001,1
"mk","Hermit Thrush",2001,4.5
"mk","Swainson's Thrush",2001,4
"mk","Solitary Vireo",2001,3.5
"mk","Red-eyed Vireo",2001,29
"mk","Bk.-thr. Green Warbler",2001,13.5
"mk","Bk.-thr. Blue Warbler",2001,9
"mk","Yellow-r. Warbler",2001,4
"mk","Blackburnian Warbler",2001,4
"mk","Ovenbird",2001,7
"mk","American Redstart",2001,4
"mk","Scarlet Tanager",2001,0.5
"mk","Yellow-b.Sapsucker",2002,2
"mk","Hairy Woodpecker",2002,1
"mk","Brown Creeper",2002,2
"mk","White-br. Nuthatch",2002,2
"mk","Winter Wren",2002,1
"mk","Hermit Thrush",2002,3
"mk","Red-eyed Vireo",2002,19
"mk","Bk.-thr. Green Warbler",2002,16
"mk","Bk.-thr. Blue Warbler",2002,9
"mk","Yellow-r. Warbler",2002,2
"mk","Blackburnian Warbler",2002,3
"mk","Ovenbird",2002,7.5
"mk","American Redstart",2002,2
"mk","Scarlet Tanager",2002,1
"mk","Yellow-b.Sapsucker",2003,4
"mk","Hairy Woodpecker",2003,3
"mk","Downy Woodpecker",2003,2
"mk","Black-c. Chickadee",2003,2
"mk","White-br. Nuthatch",2003,2
"mk","Hermit Thrush",2003,4.5
"mk","Solitary Vireo",2003,3
"mk","Red-eyed Vireo",2003,21
"mk","Bk.-thr. Green Warbler",2003,13
"mk","Bk.-thr. Blue Warbler",2003,7.5
"mk","Yellow-r. Warbler",2003,2
"mk","Blackburnian Warbler",2003,3
"mk","Ovenbird",2003,8
"mk","American Redstart",2003,7
"mk","Scarlet Tanager",2003,5
"mk","Rose-br. Grosbeak",2003,2
"mk","Yellow-b.Sapsucker",2004,4
"mk","Hairy Woodpecker",2004,2
"mk","Downy Woodpecker",2004,2
"mk","Black-c. Chickadee",2004,1
"mk","Winter Wren",2004,3
"mk","Hermit Thrush",2004,3
"mk","Red-eyed Vireo",2004,21
"mk","Bk.-thr. Green Warbler",2004,13.5
"mk","Bk.-thr. Blue Warbler",2004,6
"mk","Blackburnian Warbler",2004,2
"mk","Ovenbird",2004,8
"mk","American Redstart",2004,2
"mk","Scarlet Tanager",2004,4
"mk","Rose-br. Grosbeak",2004,4
"mk","Yellow-b.Sapsucker",2005,5
"mk","Hairy Woodpecker",2005,2.5
"mk","Downy Woodpecker",2005,1
"mk","Blue Jay",2005,1
"mk","Black-c. Chickadee",2005,2
"mk","Winter Wren",2005,2
"mk","Hermit Thrush",2005,4.5
"mk","Veery",2005,1
"mk","Red-eyed Vireo",2005,24.5
"mk","Bk.-thr. Green Warbler",2005,13
"mk","Bk.-thr. Blue Warbler",2005,8
"mk","Yellow-r. Warbler",2005,2
"mk","Blackburnian Warbler",2005,4
"mk","Ovenbird",2005,15.5
"mk","American Redstart",2005,1
"mk","Scarlet Tanager",2005,5.5
"mk","Rose-br. Grosbeak",2005,3
"mk","Ruffed Grouse",2006,1
"mk","Ruby-thr. Hummingbird",2006,1
"mk","Yellow-b.Sapsucker",2006,2
"mk","Hairy Woodpecker",2006,3
"mk","Downy Woodpecker",2006,2
"mk","Black-c. Chickadee",2006,4
"mk","Brown Creeper",2006,2
"mk","White-br. Nuthatch",2006,2
"mk","Winter Wren",2006,1.5
"mk","Hermit Thrush",2006,6.5
"mk","Solitary Vireo",2006,3
"mk","Red-eyed Vireo",2006,22
"mk","Bk.-thr. Green Warbler",2006,17.5
"mk","Bk.-thr. Blue Warbler",2006,10
"mk","Yellow-r. Warbler",2006,4.5
"mk","Blackburnian Warbler",2006,2
"mk","Ovenbird",2006,15
"mk","American Redstart",2006,2
"mk","Scarlet Tanager",2006,4
"mk","Rose-br. Grosbeak",2006,2.5
"mk","Ruffed Grouse",2007,1
"mk","Ruby-thr. Hummingbird",2007,1
"mk","Yellow-b.Sapsucker",2007,4
"mk","Hairy Woodpecker",2007,4
"mk","Blue Jay",2007,1
"mk","Black-c. Chickadee",2007,3
"mk","Brown Creeper",2007,1
"mk","White-br. Nuthatch",2007,2
"mk","Winter Wren",2007,1
"mk","Hermit Thrush",2007,4.5
"mk","Solitary Vireo",2007,2
"mk","Red-eyed Vireo",2007,19
"mk","Bk.-thr. Green Warbler",2007,16
"mk","Bk.-thr. Blue Warbler",2007,10.5
"mk","Yellow-r. Warbler",2007,2
"mk","Blackburnian Warbler",2007,2
"mk","Ovenbird",2007,20
"mk","American Redstart",2007,2
"mk","Scarlet Tanager",2007,1.5
"mk","Rose-br. Grosbeak",2007,2.5
"mk","Yellow-b.Sapsucker",2008,3.5
"mk","Hairy Woodpecker",2008,2.5
"mk","Winter Wren",2008,2.5
"mk","Hermit Thrush",2008,4.5
"mk","Swainson's Thrush",2008,2
"mk","Solitary Vireo",2008,4
"mk","Red-eyed Vireo",2008,19.5
"mk","Bk.-thr. Green Warbler",2008,15.5
"mk","Bk.-thr. Blue Warbler",2008,5
"mk","Yellow-r. Warbler",2008,0.5
"mk","Blackburnian Warbler",2008,2
"mk","Ovenbird",2008,21
"mk","American Redstart",2008,3
"mk","Scarlet Tanager",2008,3
"mk","Rose-br. Grosbeak",2008,3
"mk","Yellow-b.Sapsucker",2009,3.5
"mk","Hairy Woodpecker",2009,2.5
"mk","Black-c. Chickadee",2009,0.5
"mk","White-br. Nuthatch",2009,0.5
"mk","Hermit Thrush",2009,6.5
"mk","Swainson's Thrush",2009,2
"mk","Solitary Vireo",2009,2.5
"mk","Red-eyed Vireo",2009,27
"mk","Blk. & Wh. Warbler",2009,2
"mk","Bk.-thr. Green Warbler",2009,24.5
"mk","Bk.-thr. Blue Warbler",2009,6.5
"mk","Blackburnian Warbler",2009,2
"mk","Ovenbird",2009,21.5
"mk","American Redstart",2009,0.5
"mk","Scarlet Tanager",2009,1.5
"mk","Rose-br. Grosbeak",2009,2
"mk","Ruby-thr. Hummingbird",2010,1
"mk","Yellow-b.Sapsucker",2010,4.5
"mk","Hairy Woodpecker",2010,2.5
"mk","Downy Woodpecker",2010,3
"mk","Brown Creeper",2010,4
"mk","Winter Wren",2010,1
"mk","Hermit Thrush",2010,5.5
"mk","Swainson's Thrush",2010,3
"mk","Red-eyed Vireo",2010,23.5
"mk","Bk.-thr. Green Warbler",2010,20.5
"mk","Bk.-thr. Blue Warbler",2010,7.5
"mk","Yellow-r. Warbler",2010,2.5
"mk","Blackburnian Warbler",2010,4
"mk","Ovenbird",2010,17
"mk","Scarlet Tanager",2010,4.5
"mk","Rose-br. Grosbeak",2010,3.5
"rp","Yellow-b.Sapsucker",1969,6
"rp","Hairy Woodpecker",1969,2
"rp","Downy Woodpecker",1969,6
"rp","Least Flycatcher",1969,26
"rp","Wood Pewee",1969,1
"rp","Black-c. Chickadee",1969,4
"rp","Brown Creeper",1969,2
"rp","White-br. Nuthatch",1969,8
"rp","Winter Wren",1969,1
"rp","Wood Thrush",1969,7
"rp","Hermit Thrush",1969,6
"rp","Veery",1969,2
"rp","Swainson's Thrush",1969,9
"rp","Philadelphia Vireo",1969,4
"rp","Red-eyed Vireo",1969,20
"rp","Bk.-thr. Green Warbler",1969,8
"rp","Bk.-thr. Blue Warbler",1969,4
"rp","Blackburnian Warbler",1969,2
"rp","Ovenbird",1969,6
"rp","American Redstart",1969,12
"rp","Scarlet Tanager",1969,4
"rp","Rose-br. Grosbeak",1969,8
"rp","Dark-eyed Junco",1969,8
"rp","Purple Finch",1969,2
"rp","Yellow-b.Sapsucker",1970,3
"rp","Hairy Woodpecker",1970,1
"rp","Downy Woodpecker",1970,3
"rp","Least Flycatcher",1970,28
"rp","Black-c. Chickadee",1970,1
"rp","White-br. Nuthatch",1970,2
"rp","Winter Wren",1970,0.5
"rp","Robin",1970,0.5
"rp","Wood Thrush",1970,6
"rp","Hermit Thrush",1970,8
"rp","Veery",1970,2
"rp","Swainson's Thrush",1970,8
"rp","Philadelphia Vireo",1970,7
"rp","Red-eyed Vireo",1970,24
"rp","Bk.-thr. Green Warbler",1970,9
"rp","Bk.-thr. Blue Warbler",1970,8
"rp","Blackburnian Warbler",1970,5.5
"rp","Ovenbird",1970,6
"rp","American Redstart",1970,26
"rp","Scarlet Tanager",1970,6
"rp","Rose-br. Grosbeak",1970,4
"rp","Dark-eyed Junco",1970,4
"rp","Yellow-b.Sapsucker",1971,4
"rp","Hairy Woodpecker",1971,1
"rp","Downy Woodpecker",1971,3
"rp","Least Flycatcher",1971,43
"rp","Wood Pewee",1971,1
"rp","Black-c. Chickadee",1971,0.5
"rp","Brown Creeper",1971,0.5
"rp","White-br. Nuthatch",1971,2
"rp","Winter Wren",1971,1.5
"rp","Robin",1971,4.5
"rp","Wood Thrush",1971,9
"rp","Hermit Thrush",1971,7
"rp","Veery",1971,5
"rp","Swainson's Thrush",1971,11
"rp","Philadelphia Vireo",1971,5
"rp","Red-eyed Vireo",1971,29
"rp","Bk.-thr. Green Warbler",1971,12
"rp","Bk.-thr. Blue Warbler",1971,11
"rp","Blackburnian Warbler",1971,4
"rp","Ovenbird",1971,9
"rp","American Redstart",1971,29
"rp","Scarlet Tanager",1971,5
"rp","Rose-br. Grosbeak",1971,6
"rp","Dark-eyed Junco",1971,8
"rp","Purple Finch",1971,1
"rp","Yellow-b.Sapsucker",1972,4
"rp","Hairy Woodpecker",1972,2
"rp","Downy Woodpecker",1972,2
"rp","Least Flycatcher",1972,49.5
"rp","Black-c. Chickadee",1972,0.5
"rp","White-br. Nuthatch",1972,2
"rp","Winter Wren",1972,0.5
"rp","Robin",1972,1.5
"rp","Wood Thrush",1972,7
"rp","Hermit Thrush",1972,7
"rp","Veery",1972,2
"rp","Swainson's Thrush",1972,11
"rp","Philadelphia Vireo",1972,8
"rp","Solitary Vireo",1972,0.5
"rp","Red-eyed Vireo",1972,22
"rp","Bk.-thr. Green Warbler",1972,7
"rp","Bk.-thr. Blue Warbler",1972,9
"rp","Yellow-r. Warbler",1972,1
"rp","Blackburnian Warbler",1972,7
"rp","Ovenbird",1972,9
"rp","American Redstart",1972,29
"rp","Scarlet Tanager",1972,8
"rp","Rose-br. Grosbeak",1972,10
"rp","Dark-eyed Junco",1972,8
"rp","Purple Finch",1972,6
"rp","Yellow-b.Sapsucker",1973,4
"rp","Hairy Woodpecker",1973,2
"rp","Downy Woodpecker",1973,2
"rp","Least Flycatcher",1973,57
"rp","Brown Creeper",1973,0.5
"rp","White-br. Nuthatch",1973,1
"rp","Winter Wren",1973,3
"rp","Wood Thrush",1973,4
"rp","Hermit Thrush",1973,4
"rp","Veery",1973,1
"rp","Swainson's Thrush",1973,9
"rp","Philadelphia Vireo",1973,4
"rp","Solitary Vireo",1973,1
"rp","Red-eyed Vireo",1973,26
"rp","Bk.-thr. Green Warbler",1973,6
"rp","Bk.-thr. Blue Warbler",1973,11
"rp","Blackburnian Warbler",1973,4
"rp","Ovenbird",1973,11
"rp","American Redstart",1973,26
"rp","Scarlet Tanager",1973,7
"rp","Rose-br. Grosbeak",1973,4.5
"rp","Dark-eyed Junco",1973,2
"rp","Purple Finch",1973,2
"rp","Ruby-thr. Hummingbird",1974,3
"rp","Yellow-b.Sapsucker",1974,3
"rp","Hairy Woodpecker",1974,1
"rp","Downy Woodpecker",1974,2
"rp","Least Flycatcher",1974,26
"rp","Black-c. Chickadee",1974,1
"rp","Brown Creeper",1974,1
"rp","White-br. Nuthatch",1974,1
"rp","Winter Wren",1974,6
"rp","Wood Thrush",1974,5
"rp","Hermit Thrush",1974,2
"rp","Veery",1974,0.5
"rp","Swainson's Thrush",1974,6.5
"rp","Philadelphia Vireo",1974,4
"rp","Solitary Vireo",1974,1
"rp","Red-eyed Vireo",1974,23
"rp","Bk.-thr. Green Warbler",1974,10
"rp","Bk.-thr. Blue Warbler",1974,11
"rp","Blackburnian Warbler",1974,6
"rp","Ovenbird",1974,10
"rp","American Redstart",1974,22
"rp","Scarlet Tanager",1974,3
"rp","Rose-br. Grosbeak",1974,8
"rp","Dark-eyed Junco",1974,5
"rp","Yellow-b.Sapsucker",1975,5
"rp","Hairy Woodpecker",1975,2
"rp","Downy Woodpecker",1975,3
"rp","Least Flycatcher",1975,30
"rp","Black-c. Chickadee",1975,1
"rp","White-br. Nuthatch",1975,1.5
"rp","Winter Wren",1975,2
"rp","Wood Thrush",1975,6.5
"rp","Hermit Thrush",1975,7.5
"rp","Veery",1975,2.5
"rp","Swainson's Thrush",1975,8
"rp","Philadelphia Vireo",1975,3.5
"rp","Red-eyed Vireo",1975,31
"rp","Bk.-thr. Green Warbler",1975,8
"rp","Bk.-thr. Blue Warbler",1975,12
"rp","Blackburnian Warbler",1975,6
"rp","Ovenbird",1975,18
"rp","American Redstart",1975,39
"rp","Scarlet Tanager",1975,1.5
"rp","Rose-br. Grosbeak",1975,7.5
"rp","Dark-eyed Junco",1975,5
"rp","Yellow-b.Sapsucker",1976,5
"rp","Hairy Woodpecker",1976,2
"rp","Downy Woodpecker",1976,2.5
"rp","Least Flycatcher",1976,28
"rp","White-br. Nuthatch",1976,1.5
"rp","Winter Wren",1976,5
"rp","Wood Thrush",1976,5
"rp","Hermit Thrush",1976,5
"rp","Veery",1976,2.5
"rp","Swainson's Thrush",1976,7
"rp","Philadelphia Vireo",1976,3.5
"rp","Solitary Vireo",1976,0.5
"rp","Red-eyed Vireo",1976,30
"rp","Bk.-thr. Green Warbler",1976,8
"rp","Bk.-thr. Blue Warbler",1976,11
"rp","Blackburnian Warbler",1976,2
"rp","Ovenbird",1976,18.5
"rp","American Redstart",1976,42
"rp","Scarlet Tanager",1976,1.5
"rp","Rose-br. Grosbeak",1976,7
"rp","Dark-eyed Junco",1976,6
"rp","Yellow-b.Sapsucker",1977,5
"rp","Hairy Woodpecker",1977,3
"rp","Downy Woodpecker",1977,3
"rp","Least Flycatcher",1977,34
"rp","Black-c. Chickadee",1977,2
"rp","White-br. Nuthatch",1977,3
"rp","Winter Wren",1977,1
"rp","Wood Thrush",1977,9
"rp","Hermit Thrush",1977,4
"rp","Veery",1977,3
"rp","Swainson's Thrush",1977,4
"rp","Philadelphia Vireo",1977,2
"rp","Solitary Vireo",1977,4
"rp","Red-eyed Vireo",1977,23.5
"rp","Bk.-thr. Green Warbler",1977,7
"rp","Bk.-thr. Blue Warbler",1977,12
"rp","Blackburnian Warbler",1977,3
"rp","Ovenbird",1977,9
"rp","American Redstart",1977,44
"rp","Scarlet Tanager",1977,4
"rp","Rose-br. Grosbeak",1977,5
"rp","Dark-eyed Junco",1977,2
"rp","Yellow-b.Sapsucker",1978,3
"rp","Hairy Woodpecker",1978,2
"rp","Downy Woodpecker",1978,3.5
"rp","Least Flycatcher",1978,22
"rp","White-br. Nuthatch",1978,2.5
"rp","Wood Thrush",1978,7
"rp","Hermit Thrush",1978,1.5
"rp","Veery",1978,4
"rp","Swainson's Thrush",1978,5
"rp","Philadelphia Vireo",1978,3
"rp","Solitary Vireo",1978,3
"rp","Red-eyed Vireo",1978,20
"rp","Bk.-thr. Green Warbler",1978,7.5
"rp","Bk.-thr. Blue Warbler",1978,10.5
"rp","Blackburnian Warbler",1978,1
"rp","Ovenbird",1978,13
"rp","American Redstart",1978,32.5
"rp","Scarlet Tanager",1978,3.5
"rp","Rose-br. Grosbeak",1978,4
"rp","Yellow-b.Sapsucker",1979,4
"rp","Hairy Woodpecker",1979,3
"rp","Downy Woodpecker",1979,2
"rp","Least Flycatcher",1979,22
"rp","White-br. Nuthatch",1979,1
"rp","Wood Thrush",1979,7
"rp","Veery",1979,3
"rp","Swainson's Thrush",1979,7
"rp","Philadelphia Vireo",1979,2
"rp","Red-eyed Vireo",1979,16
"rp","Bk.-thr. Green Warbler",1979,9
"rp","Bk.-thr. Blue Warbler",1979,14.5
"rp","Yellow-r. Warbler",1979,1
"rp","Blackburnian Warbler",1979,1
"rp","Ovenbird",1979,12
"rp","American Redstart",1979,36
"rp","Scarlet Tanager",1979,2
"rp","Rose-br. Grosbeak",1979,4
"rp","Yellow-b.Sapsucker",1980,2
"rp","Hairy Woodpecker",1980,2
"rp","Downy Woodpecker",1980,4
"rp","Least Flycatcher",1980,15
"rp","Blue Jay",1980,1
"rp","Black-c. Chickadee",1980,2
"rp","Brown Creeper",1980,2
"rp","White-br. Nuthatch",1980,2
"rp","Winter Wren",1980,1
"rp","Wood Thrush",1980,3
"rp","Hermit Thrush",1980,2
"rp","Veery",1980,1
"rp","Swainson's Thrush",1980,3
"rp","Philadelphia Vireo",1980,3
"rp","Red-eyed Vireo",1980,13
"rp","Bk.-thr. Green Warbler",1980,10
"rp","Bk.-thr. Blue Warbler",1980,8
"rp","Blackburnian Warbler",1980,2
"rp","Ovenbird",1980,10
"rp","American Redstart",1980,34.5
"rp","Scarlet Tanager",1980,4
"rp","Rose-br. Grosbeak",1980,6
"rp","Yellow-b.Sapsucker",1981,2.5
"rp","Hairy Woodpecker",1981,2
"rp","Least Flycatcher",1981,1
"rp","Wood Pewee",1981,2
"rp","Blue Jay",1981,1.5
"rp","Black-c. Chickadee",1981,1
"rp","White-br. Nuthatch",1981,3
"rp","Winter Wren",1981,0.5
"rp","Wood Thrush",1981,0.5
"rp","Hermit Thrush",1981,1
"rp","Veery",1981,2
"rp","Swainson's Thrush",1981,2
"rp","Philadelphia Vireo",1981,2
"rp","Red-eyed Vireo",1981,26
"rp","Bk.-thr. Green Warbler",1981,9
"rp","Bk.-thr. Blue Warbler",1981,12
"rp","Blackburnian Warbler",1981,3.5
"rp","Ovenbird",1981,10
"rp","American Redstart",1981,22
"rp","Scarlet Tanager",1981,5
"rp","Rose-br. Grosbeak",1981,8
"rp","Yellow-b.Sapsucker",1982,2
"rp","Hairy Woodpecker",1982,3
"rp","Downy Woodpecker",1982,1
"rp","White-br. Nuthatch",1982,2
"rp","Wood Thrush",1982,2
"rp","Hermit Thrush",1982,1
"rp","Veery",1982,3
"rp","Swainson's Thrush",1982,1
"rp","Philadelphia Vireo",1982,2
"rp","Red-eyed Vireo",1982,23
"rp","Bk.-thr. Green Warbler",1982,8.5
"rp","Bk.-thr. Blue Warbler",1982,14
"rp","Yellow-r. Warbler",1982,1
"rp","Blackburnian Warbler",1982,4.5
"rp","Ovenbird",1982,11
"rp","American Redstart",1982,32
"rp","Scarlet Tanager",1982,6
"rp","Rose-br. Grosbeak",1982,7
"rp","Yellow-b.Sapsucker",1983,2
"rp","Hairy Woodpecker",1983,0.5
"rp","Downy Woodpecker",1983,3
"rp","White-br. Nuthatch",1983,1.5
"rp","Wood Thrush",1983,2
"rp","Hermit Thrush",1983,2
"rp","Veery",1983,2
"rp","Swainson's Thrush",1983,2
"rp","Red-eyed Vireo",1983,22
"rp","Bk.-thr. Green Warbler",1983,11
"rp","Bk.-thr. Blue Warbler",1983,13.5
"rp","Blackburnian Warbler",1983,2
"rp","Ovenbird",1983,13.5
"rp","American Redstart",1983,30
"rp","Scarlet Tanager",1983,7
"rp","Rose-br. Grosbeak",1983,4
"rp","Yellow-b.Sapsucker",1984,2
"rp","Hairy Woodpecker",1984,1
"rp","Downy Woodpecker",1984,1.5
"rp","White-br. Nuthatch",1984,2.5
"rp","Wood Thrush",1984,1
"rp","Hermit Thrush",1984,3.5
"rp","Veery",1984,2
"rp","Swainson's Thrush",1984,2
"rp","Red-eyed Vireo",1984,20.5
"rp","Bk.-thr. Green Warbler",1984,7
"rp","Bk.-thr. Blue Warbler",1984,9.5
"rp","Blackburnian Warbler",1984,1
"rp","Ovenbird",1984,11
"rp","American Redstart",1984,14
"rp","Scarlet Tanager",1984,4
"rp","Rose-br. Grosbeak",1984,5
"rp","Dark-eyed Junco",1984,1
"rp","Ruby-thr. Hummingbird",1985,2
"rp","Yellow-b.Sapsucker",1985,1
"rp","Hairy Woodpecker",1985,2
"rp","Downy Woodpecker",1985,2
"rp","Black-c. Chickadee",1985,1
"rp","White-br. Nuthatch",1985,2
"rp","Wood Thrush",1985,1
"rp","Hermit Thrush",1985,2
"rp","Veery",1985,4.5
"rp","Swainson's Thrush",1985,4
"rp","Solitary Vireo",1985,0.5
"rp","Red-eyed Vireo",1985,21.5
"rp","Bk.-thr. Green Warbler",1985,15
"rp","Bk.-thr. Blue Warbler",1985,8.5
"rp","Yellow-r. Warbler",1985,3
"rp","Blackburnian Warbler",1985,0.5
"rp","Ovenbird",1985,10
"rp","American Redstart",1985,27
"rp","Scarlet Tanager",1985,3
"rp","Rose-br. Grosbeak",1985,5.5
"rp","Yellow-b.Sapsucker",1986,2
"rp","Hairy Woodpecker",1986,1.5
"rp","Brown Creeper",1986,0.5
"rp","White-br. Nuthatch",1986,1
"rp","Wood Thrush",1986,1.5
"rp","Hermit Thrush",1986,2
"rp","Veery",1986,2.5
"rp","Swainson's Thrush",1986,1.5
"rp","Red-eyed Vireo",1986,22
"rp","Bk.-thr. Green Warbler",1986,8.5
"rp","Bk.-thr. Blue Warbler",1986,10.5
"rp","Yellow-r. Warbler",1986,1.5
"rp","Blackburnian Warbler",1986,2
"rp","Ovenbird",1986,16
"rp","American Redstart",1986,13
"rp","Scarlet Tanager",1986,2
"rp","Rose-br. Grosbeak",1986,2.5
"rp","Yellow-b.Sapsucker",1987,2
"rp","Hairy Woodpecker",1987,1.5
"rp","White-br. Nuthatch",1987,1
"rp","Winter Wren",1987,0.5
"rp","Hermit Thrush",1987,2
"rp","Veery",1987,1.5
"rp","Swainson's Thrush",1987,2
"rp","Solitary Vireo",1987,0.5
"rp","Red-eyed Vireo",1987,19.5
"rp","Bk.-thr. Green Warbler",1987,12
"rp","Bk.-thr. Blue Warbler",1987,11.5
"rp","Ovenbird",1987,15.5
"rp","American Redstart",1987,11
"rp","Scarlet Tanager",1987,1.5
"rp","Rose-br. Grosbeak",1987,2.5
"rp","Yellow-b.Sapsucker",1988,1
"rp","Hairy Woodpecker",1988,1.5
"rp","Downy Woodpecker",1988,1.5
"rp","Least Flycatcher",1988,6
"rp","Blue Jay",1988,0.5
"rp","Brown Creeper",1988,0.5
"rp","White-br. Nuthatch",1988,1
"rp","Winter Wren",1988,1
"rp","Hermit Thrush",1988,4
"rp","Veery",1988,1.5
"rp","Swainson's Thrush",1988,2
"rp","Red-eyed Vireo",1988,22
"rp","Bk.-thr. Green Warbler",1988,17
"rp","Bk.-thr. Blue Warbler",1988,9
"rp","Yellow-r. Warbler",1988,2.5
"rp","Ovenbird",1988,21.5
"rp","American Redstart",1988,13.5
"rp","Scarlet Tanager",1988,2
"rp","Rose-br. Grosbeak",1988,2.5
"rp","Dark-eyed Junco",1988,2
"rp","Yellow-b.Sapsucker",1989,1.5
"rp","Hairy Woodpecker",1989,1
"rp","Downy Woodpecker",1989,2
"rp","Black-c. Chickadee",1989,2
"rp","White-br. Nuthatch",1989,2
"rp","Winter Wren",1989,1
"rp","Wood Thrush",1989,1
"rp","Hermit Thrush",1989,4
"rp","Veery",1989,0.5
"rp","Swainson's Thrush",1989,2
"rp","Red-eyed Vireo",1989,22.5
"rp","Bk.-thr. Green Warbler",1989,15.5
"rp","Bk.-thr. Blue Warbler",1989,15
"rp","Yellow-r. Warbler",1989,2
"rp","Blackburnian Warbler",1989,2
"rp","Ovenbird",1989,16
"rp","American Redstart",1989,5.5
"rp","Scarlet Tanager",1989,2.5
"rp","Rose-br. Grosbeak",1989,3
"rp","Ruby-thr. Hummingbird",1990,1
"rp","Yellow-b.Sapsucker",1990,3
"rp","Hairy Woodpecker",1990,1
"rp","Black-c. Chickadee",1990,2
"rp","Brown Creeper",1990,2.5
"rp","White-br. Nuthatch",1990,3
"rp","Winter Wren",1990,2
"rp","Wood Thrush",1990,1
"rp","Hermit Thrush",1990,5
"rp","Veery",1990,2
"rp","Swainson's Thrush",1990,3.5
"rp","Red-eyed Vireo",1990,24
"rp","Bk.-thr. Green Warbler",1990,17.5
"rp","Bk.-thr. Blue Warbler",1990,16
"rp","Yellow-r. Warbler",1990,2
"rp","Blackburnian Warbler",1990,1
"rp","Ovenbird",1990,20
"rp","American Redstart",1990,18.5
"rp","Scarlet Tanager",1990,1.5
"rp","Rose-br. Grosbeak",1990,4.5
"rp","Dark-eyed Junco",1990,2
"rp","Ruby-thr. Hummingbird",1991,2
"rp","Yellow-b.Sapsucker",1991,2
"rp","Hairy Woodpecker",1991,2
"rp","Downy Woodpecker",1991,1.5
"rp","Least Flycatcher",1991,1.5
"rp","Wood Pewee",1991,1
"rp","Black-c. Chickadee",1991,1
"rp","Brown Creeper",1991,2
"rp","White-br. Nuthatch",1991,1.5
"rp","Winter Wren",1991,3
"rp","Hermit Thrush",1991,2
"rp","Veery",1991,2.5
"rp","Swainson's Thrush",1991,2.5
"rp","Solitary Vireo",1991,2.5
"rp","Red-eyed Vireo",1991,25.5
"rp","Bk.-thr. Green Warbler",1991,13.5
"rp","Bk.-thr. Blue Warbler",1991,13.5
"rp","Yellow-r. Warbler",1991,2
"rp","Blackburnian Warbler",1991,2.5
"rp","Ovenbird",1991,17.5
"rp","American Redstart",1991,14
"rp","Scarlet Tanager",1991,2.5
"rp","Rose-br. Grosbeak",1991,2
"rp","Yellow-b.Sapsucker",1992,3
"rp","Hairy Woodpecker",1992,2
"rp","Downy Woodpecker",1992,2
"rp","Least Flycatcher",1992,1
"rp","Wood Pewee",1992,1
"rp","Black-c. Chickadee",1992,3
"rp","Brown Creeper",1992,0.5
"rp","White-br. Nuthatch",1992,2
"rp","Winter Wren",1992,1
"rp","Hermit Thrush",1992,5
"rp","Veery",1992,6
"rp","Swainson's Thrush",1992,3.5
"rp","Solitary Vireo",1992,2
"rp","Red-eyed Vireo",1992,15
"rp","Bk.-thr. Green Warbler",1992,18
"rp","Bk.-thr. Blue Warbler",1992,15
"rp","Yellow-r. Warbler",1992,3
"rp","Blackburnian Warbler",1992,3
"rp","Ovenbird",1992,15.5
"rp","American Redstart",1992,19
"rp","Scarlet Tanager",1992,4.5
"rp","Rose-br. Grosbeak",1992,4
"rp","Yellow-b.Sapsucker",1993,1
"rp","Hairy Woodpecker",1993,1
"rp","Wood Pewee",1993,1
"rp","Black-c. Chickadee",1993,2
"rp","White-br. Nuthatch",1993,2
"rp","Hermit Thrush",1993,3
"rp","Veery",1993,3.5
"rp","Swainson's Thrush",1993,2.5
"rp","Solitary Vireo",1993,2
"rp","Red-eyed Vireo",1993,16.5
"rp","Bk.-thr. Green Warbler",1993,17.5
"rp","Bk.-thr. Blue Warbler",1993,11
"rp","Ovenbird",1993,13.5
"rp","American Redstart",1993,13
"rp","Scarlet Tanager",1993,3.5
"rp","Rose-br. Grosbeak",1993,0.5
"rp","Yellow-b.Sapsucker",1994,2.5
"rp","Hairy Woodpecker",1994,1
"rp","Downy Woodpecker",1994,2.5
"rp","Wood Pewee",1994,1
"rp","Black-c. Chickadee",1994,2
"rp","Brown Creeper",1994,1.5
"rp","White-br. Nuthatch",1994,1
"rp","Winter Wren",1994,1
"rp","Hermit Thrush",1994,3.5
"rp","Veery",1994,4
"rp","Solitary Vireo",1994,1
"rp","Red-eyed Vireo",1994,18.5
"rp","Bk.-thr. Green Warbler",1994,13.5
"rp","Bk.-thr. Blue Warbler",1994,7
"rp","Ovenbird",1994,9
"rp","American Redstart",1994,7.5
"rp","Scarlet Tanager",1994,3.5
"rp","Rose-br. Grosbeak",1994,2
"rp","Dark-eyed Junco",1994,2
"rp","Ruffed Grouse",1995,2
"rp","Yellow-b.Sapsucker",1995,2
"rp","Hairy Woodpecker",1995,2
"rp","Black-c. Chickadee",1995,2
"rp","Hermit Thrush",1995,2
"rp","Veery",1995,3
"rp","Red-eyed Vireo",1995,18
"rp","Bk.-thr. Green Warbler",1995,14
"rp","Bk.-thr. Blue Warbler",1995,10
"rp","Ovenbird",1995,11
"rp","American Redstart",1995,2
"rp","Scarlet Tanager",1995,2
"rp","Rose-br. Grosbeak",1995,2
"rp","Ruffed Grouse",1996,1
"rp","Yellow-b.Sapsucker",1996,2
"rp","Hairy Woodpecker",1996,2
"rp","Blue Jay",1996,1
"rp","Brown Creeper",1996,1
"rp","White-br. Nuthatch",1996,3
"rp","Winter Wren",1996,1.5
"rp","Hermit Thrush",1996,5
"rp","Veery",1996,3
"rp","Swainson's Thrush",1996,0.5
"rp","Red-eyed Vireo",1996,19
"rp","Bk.-thr. Green Warbler",1996,16
"rp","Bk.-thr. Blue Warbler",1996,5.5
"rp","Yellow-r. Warbler",1996,2
"rp","Blackburnian Warbler",1996,3.5
"rp","Ovenbird",1996,12
"rp","American Redstart",1996,10.5
"rp","Scarlet Tanager",1996,2
"rp","Rose-br. Grosbeak",1996,2
"rp","Yellow-b.Sapsucker",1997,3
"rp","Hairy Woodpecker",1997,1
"rp","Downy Woodpecker",1997,1
"rp","Black-c. Chickadee",1997,2
"rp","White-br. Nuthatch",1997,1.5
"rp","Hermit Thrush",1997,1
"rp","Veery",1997,2.5
"rp","Swainson's Thrush",1997,2
"rp","Red-eyed Vireo",1997,22
"rp","Bk.-thr. Green Warbler",1997,8.5
"rp","Bk.-thr. Blue Warbler",1997,8.5
"rp","Yellow-r. Warbler",1997,2.5
"rp","Blackburnian Warbler",1997,4
"rp","Ovenbird",1997,10.5
"rp","American Redstart",1997,10.5
"rp","Scarlet Tanager",1997,2
"rp","Rose-br. Grosbeak",1997,4
"rp","Yellow-b.Sapsucker",1998,2
"rp","Black-c. Chickadee",1998,1
"rp","Brown Creeper",1998,2
"rp","Winter Wren",1998,4
"rp","Hermit Thrush",1998,3
"rp","Veery",1998,2
"rp","Red-eyed Vireo",1998,17
"rp","Bk.-thr. Green Warbler",1998,11
"rp","Bk.-thr. Blue Warbler",1998,8.5
"rp","Ovenbird",1998,9
"rp","American Redstart",1998,10
"rp","Scarlet Tanager",1998,2
"rp","Yellow-b.Sapsucker",1999,1.5
"rp","Hairy Woodpecker",1999,2.5
"rp","Downy Woodpecker",1999,1
"rp","Black-c. Chickadee",1999,3.5
"rp","White-br. Nuthatch",1999,2
"rp","Winter Wren",1999,1
"rp","Hermit Thrush",1999,3
"rp","Veery",1999,2.5
"rp","Solitary Vireo",1999,3
"rp","Red-eyed Vireo",1999,23.5
"rp","Bk.-thr. Green Warbler",1999,12.5
"rp","Bk.-thr. Blue Warbler",1999,11
"rp","Ovenbird",1999,4
"rp","American Redstart",1999,9.5
"rp","Scarlet Tanager",1999,2
"rp","Rose-br. Grosbeak",1999,2
"rp","Yellow-b.Sapsucker",2000,3
"rp","Hairy Woodpecker",2000,2
"rp","Brown Creeper",2000,2
"rp","White-br. Nuthatch",2000,2
"rp","Winter Wren",2000,1
"rp","Hermit Thrush",2000,3
"rp","Solitary Vireo",2000,1.5
"rp","Red-eyed Vireo",2000,28
"rp","Bk.-thr. Green Warbler",2000,15.5
"rp","Bk.-thr. Blue Warbler",2000,10.5
"rp","Yellow-r. Warbler",2000,2
"rp","Blackburnian Warbler",2000,2
"rp","Ovenbird",2000,7.5
"rp","American Redstart",2000,7.5
"rp","Scarlet Tanager",2000,1
"rp","Yellow-b.Sapsucker",2001,3
"rp","Hairy Woodpecker",2001,2
"rp","Brown Creeper",2001,2
"rp","White-br. Nuthatch",2001,1
"rp","Hermit Thrush",2001,4.5
"rp","Swainson's Thrush",2001,4
"rp","Solitary Vireo",2001,3.5
"rp","Red-eyed Vireo",2001,29
"rp","Bk.-thr. Green Warbler",2001,13.5
"rp","Bk.-thr. Blue Warbler",2001,9
"rp","Yellow-r. Warbler",2001,4
"rp","Blackburnian Warbler",2001,4
"rp","Ovenbird",2001,7
"rp","American Redstart",2001,4
"rp","Scarlet Tanager",2001,0.5
"rp","Yellow-b.Sapsucker",2002,2
"rp","Hairy Woodpecker",2002,1
"rp","Brown Creeper",2002,2
"rp","White-br. Nuthatch",2002,2
"rp","Winter Wren",2002,1
"rp","Hermit Thrush",2002,3
"rp","Red-eyed Vireo",2002,19
"rp","Bk.-thr. Green Warbler",2002,16
"rp","Bk.-thr. Blue Warbler",2002,9
"rp","Yellow-r. Warbler",2002,2
"rp","Blackburnian Warbler",2002,3
"rp","Ovenbird",2002,7.5
"rp","American Redstart",2002,2
"rp","Scarlet Tanager",2002,1
"rp","Yellow-b.Sapsucker",2003,4
"rp","Hairy Woodpecker",2003,3
"rp","Downy Woodpecker",2003,2
"rp","Black-c. Chickadee",2003,2
"rp","White-br. Nuthatch",2003,2
"rp","Hermit Thrush",2003,4.5
"rp","Solitary Vireo",2003,3
"rp","Red-eyed Vireo",2003,21
"rp","Bk.-thr. Green Warbler",2003,13
"rp","Bk.-thr. Blue Warbler",2003,7.5
"rp","Yellow-r. Warbler",2003,2
"rp","Blackburnian Warbler",2003,3
"rp","Ovenbird",2003,8
"rp","American Redstart",2003,7
"rp","Scarlet Tanager",2003,5
"rp","Rose-br. Grosbeak",2003,2
"rp","Yellow-b.Sapsucker",2004,4
"rp","Hairy Woodpecker",2004,2
"rp","Downy Woodpecker",2004,2
"rp","Black-c. Chickadee",2004,1
"rp","Winter Wren",2004,3
"rp","Hermit Thrush",2004,3
"rp","Red-eyed Vireo",2004,21
"rp","Bk.-thr. Green Warbler",2004,13.5
"rp","Bk.-thr. Blue Warbler",2004,6
"rp","Blackburnian Warbler",2004,2
"rp","Ovenbird",2004,8
"rp","American Redstart",2004,2
"rp","Scarlet Tanager",2004,4
"rp","Rose-br. Grosbeak",2004,4
"rp","Yellow-b.Sapsucker",2005,5
"rp","Hairy Woodpecker",2005,2.5
"rp","Downy Woodpecker",2005,1
"rp","Blue Jay",2005,1
"rp","Black-c. Chickadee",2005,2
"rp","Winter Wren",2005,2
"rp","Hermit Thrush",2005,4.5
"rp","Veery",2005,1
"rp","Red-eyed Vireo",2005,24.5
"rp","Bk.-thr. Green Warbler",2005,13
"rp","Bk.-thr. Blue Warbler",2005,8
"rp","Yellow-r. Warbler",2005,2
"rp","Blackburnian Warbler",2005,4
"rp","Ovenbird",2005,15.5
"rp","American Redstart",2005,1
"rp","Scarlet Tanager",2005,5.5
"rp","Rose-br. Grosbeak",2005,3
"rp","Ruffed Grouse",2006,1
"rp","Ruby-thr. Hummingbird",2006,1
"rp","Yellow-b.Sapsucker",2006,2
"rp","Hairy Woodpecker",2006,3
"rp","Downy Woodpecker",2006,2
"rp","Black-c. Chickadee",2006,4
"rp","Brown Creeper",2006,2
"rp","White-br. Nuthatch",2006,2
"rp","Winter Wren",2006,1.5
"rp","Hermit Thrush",2006,6.5
"rp","Solitary Vireo",2006,3
"rp","Red-eyed Vireo",2006,22
"rp","Bk.-thr. Green Warbler",2006,17.5
"rp","Bk.-thr. Blue Warbler",2006,10
"rp","Yellow-r. Warbler",2006,4.5
"rp","Blackburnian Warbler",2006,2
"rp","Ovenbird",2006,15
"rp","American Redstart",2006,2
"rp","Scarlet Tanager",2006,4
"rp","Rose-br. Grosbeak",2006,2.5
"rp","Ruffed Grouse",2007,1
"rp","Ruby-thr. Hummingbird",2007,1
"rp","Yellow-b.Sapsucker",2007,4
"rp","Hairy Woodpecker",2007,4
"rp","Blue Jay",2007,1
"rp","Black-c. Chickadee",2007,3
"rp","Brown Creeper",2007,1
"rp","White-br. Nuthatch",2007,2
"rp","Winter Wren",2007,1
"rp","Hermit Thrush",2007,4.5
"rp","Solitary Vireo",2007,2
"rp","Red-eyed Vireo",2007,19
"rp","Bk.-thr. Green Warbler",2007,16
"rp","Bk.-thr. Blue Warbler",2007,10.5
"rp","Yellow-r. Warbler",2007,2
"rp","Blackburnian Warbler",2007,2
"rp","Ovenbird",2007,20
"rp","American Redstart",2007,2
"rp","Scarlet Tanager",2007,1.5
"rp","Rose-br. Grosbeak",2007,2.5
"rp","Yellow-b.Sapsucker",2008,3.5
"rp","Hairy Woodpecker",2008,2.5
"rp","Winter Wren",2008,2.5
"rp","Hermit Thrush",2008,4.5
"rp","Swainson's Thrush",2008,2
"rp","Solitary Vireo",2008,4
"rp","Red-eyed Vireo",2008,19.5
"rp","Bk.-thr. Green Warbler",2008,15.5
"rp","Bk.-thr. Blue Warbler",2008,5
"rp","Yellow-r. Warbler",2008,0.5
"rp","Blackburnian Warbler",2008,2
"rp","Ovenbird",2008,21
"rp","American Redstart",2008,3
"rp","Scarlet Tanager",2008,3
"rp","Rose-br. Grosbeak",2008,3
"rp","Yellow-b.Sapsucker",2009,3.5
"rp","Hairy Woodpecker",2009,2.5
"rp","Black-c. Chickadee",2009,0.5
"rp","White-br. Nuthatch",2009,0.5
"rp","Hermit Thrush",2009,6.5
"rp","Swainson's Thrush",2009,2
"rp","Solitary Vireo",2009,2.5
"rp","Red-eyed Vireo",2009,27
"rp","Blk. & Wh. Warbler",2009,2
"rp","Bk.-thr. Green Warbler",2009,24.5
"rp","Bk.-thr. Blue Warbler",2009,6.5
"rp","Blackburnian Warbler",2009,2
"rp","Ovenbird",2009,21.5
"rp","American Redstart",2009,0.5
"rp","Scarlet Tanager",2009,1.5
"rp","Rose-br. Grosbeak",2009,2
"rp","Ruby-thr. Hummingbird",2010,1
"rp","Yellow-b.Sapsucker",2010,4.5
"rp","Hairy Woodpecker",2010,2.5
"rp","Downy Woodpecker",2010,3
"rp","Brown Creeper",2010,4
"rp","Winter Wren",2010,1
"rp","Hermit Thrush",2010,5.5
"rp","Swainson's Thrush",2010,3
"rp","Red-eyed Vireo",2010,23.5
"rp","Bk.-thr. Green Warbler",2010,20.5
"rp","Bk.-thr. Blue Warbler",2010,7.5
"rp","Yellow-r. Warbler",2010,2.5
"rp","Blackburnian Warbler",2010,4
"rp","Ovenbird",2010,17
"rp","Scarlet Tanager",2010,4.5
"rp","Rose-br. Grosbeak",2010,3.5
"sm","Yellow-b.Sapsucker",1969,6
"sm","Hairy Woodpecker",1969,2
"sm","Downy Woodpecker",1969,6
"sm","Least Flycatcher",1969,26
"sm","Wood Pewee",1969,1
"sm","Black-c. Chickadee",1969,4
"sm","Brown Creeper",1969,2
"sm","White-br. Nuthatch",1969,8
"sm","Winter Wren",1969,1
"sm","Wood Thrush",1969,7
"sm","Hermit Thrush",1969,6
"sm","Veery",1969,2
"sm","Swainson's Thrush",1969,9
"sm","Philadelphia Vireo",1969,4
"sm","Red-eyed Vireo",1969,20
"sm","Bk.-thr. Green Warbler",1969,8
"sm","Bk.-thr. Blue Warbler",1969,4
"sm","Blackburnian Warbler",1969,2
"sm","Ovenbird",1969,6
"sm","American Redstart",1969,12
"sm","Scarlet Tanager",1969,4
"sm","Rose-br. Grosbeak",1969,8
"sm","Dark-eyed Junco",1969,8
"sm","Purple Finch",1969,2
"sm","Yellow-b.Sapsucker",1970,3
"sm","Hairy Woodpecker",1970,1
"sm","Downy Woodpecker",1970,3
"sm","Least Flycatcher",1970,28
"sm","Black-c. Chickadee",1970,1
"sm","White-br. Nuthatch",1970,2
"sm","Winter Wren",1970,0.5
"sm","Robin",1970,0.5
"sm","Wood Thrush",1970,6
"sm","Hermit Thrush",1970,8
"sm","Veery",1970,2
"sm","Swainson's Thrush",1970,8
"sm","Philadelphia Vireo",1970,7
"sm","Red-eyed Vireo",1970,24
"sm","Bk.-thr. Green Warbler",1970,9
"sm","Bk.-thr. Blue Warbler",1970,8
"sm","Blackburnian Warbler",1970,5.5
"sm","Ovenbird",1970,6
"sm","American Redstart",1970,26
"sm","Scarlet Tanager",1970,6
"sm","Rose-br. Grosbeak",1970,4
"sm","Dark-eyed Junco",1970,4
"sm","Yellow-b.Sapsucker",1971,4
"sm","Hairy Woodpecker",1971,1
"sm","Downy Woodpecker",1971,3
"sm","Least Flycatcher",1971,43
"sm","Wood Pewee",1971,1
"sm","Black-c. Chickadee",1971,0.5
"sm","Brown Creeper",1971,0.5
"sm","White-br. Nuthatch",1971,2
"sm","Winter Wren",1971,1.5
"sm","Robin",1971,4.5
"sm","Wood Thrush",1971,9
"sm","Hermit Thrush",1971,7
"sm","Veery",1971,5
"sm","Swainson's Thrush",1971,11
"sm","Philadelphia Vireo",1971,5
"sm","Red-eyed Vireo",1971,29
"sm","Bk.-thr. Green Warbler",1971,12
"sm","Bk.-thr. Blue Warbler",1971,11
"sm","Blackburnian Warbler",1971,4
"sm","Ovenbird",1971,9
"sm","American Redstart",1971,29
"sm","Scarlet Tanager",1971,5
"sm","Rose-br. Grosbeak",1971,6
"sm","Dark-eyed Junco",1971,8
"sm","Purple Finch",1971,1
"sm","Yellow-b.Sapsucker",1972,4
"sm","Hairy Woodpecker",1972,2
"sm","Downy Woodpecker",1972,2
"sm","Least Flycatcher",1972,49.5
"sm","Black-c. Chickadee",1972,0.5
"sm","White-br. Nuthatch",1972,2
"sm","Winter Wren",1972,0.5
"sm","Robin",1972,1.5
"sm","Wood Thrush",1972,7
"sm","Hermit Thrush",1972,7
"sm","Veery",1972,2
"sm","Swainson's Thrush",1972,11
"sm","Philadelphia Vireo",1972,8
"sm","Solitary Vireo",1972,0.5
"sm","Red-eyed Vireo",1972,22
"sm","Bk.-thr. Green Warbler",1972,7
"sm","Bk.-thr. Blue Warbler",1972,9
"sm","Yellow-r. Warbler",1972,1
"sm","Blackburnian Warbler",1972,7
"sm","Ovenbird",1972,9
"sm","American Redstart",1972,29
"sm","Scarlet Tanager",1972,8
"sm","Rose-br. Grosbeak",1972,10
"sm","Dark-eyed Junco",1972,8
"sm","Purple Finch",1972,6
"sm","Yellow-b.Sapsucker",1973,4
"sm","Hairy Woodpecker",1973,2
"sm","Downy Woodpecker",1973,2
"sm","Least Flycatcher",1973,57
"sm","Brown Creeper",1973,0.5
"sm","White-br. Nuthatch",1973,1
"sm","Winter Wren",1973,3
"sm","Wood Thrush",1973,4
"sm","Hermit Thrush",1973,4
"sm","Veery",1973,1
"sm","Swainson's Thrush",1973,9
"sm","Philadelphia Vireo",1973,4
"sm","Solitary Vireo",1973,1
"sm","Red-eyed Vireo",1973,26
"sm","Bk.-thr. Green Warbler",1973,6
"sm","Bk.-thr. Blue Warbler",1973,11
"sm","Blackburnian Warbler",1973,4
"sm","Ovenbird",1973,11
"sm","American Redstart",1973,26
"sm","Scarlet Tanager",1973,7
"sm","Rose-br. Grosbeak",1973,4.5
"sm","Dark-eyed Junco",1973,2
"sm","Purple Finch",1973,2
"sm","Ruby-thr. Hummingbird",1974,3
"sm","Yellow-b.Sapsucker",1974,3
"sm","Hairy Woodpecker",1974,1
"sm","Downy Woodpecker",1974,2
"sm","Least Flycatcher",1974,26
"sm","Black-c. Chickadee",1974,1
"sm","Brown Creeper",1974,1
"sm","White-br. Nuthatch",1974,1
"sm","Winter Wren",1974,6
"sm","Wood Thrush",1974,5
"sm","Hermit Thrush",1974,2
"sm","Veery",1974,0.5
"sm","Swainson's Thrush",1974,6.5
"sm","Philadelphia Vireo",1974,4
"sm","Solitary Vireo",1974,1
"sm","Red-eyed Vireo",1974,23
"sm","Bk.-thr. Green Warbler",1974,10
"sm","Bk.-thr. Blue Warbler",1974,11
"sm","Blackburnian Warbler",1974,6
"sm","Ovenbird",1974,10
"sm","American Redstart",1974,22
"sm","Scarlet Tanager",1974,3
"sm","Rose-br. Grosbeak",1974,8
"sm","Dark-eyed Junco",1974,5
"sm","Yellow-b.Sapsucker",1975,5
"sm","Hairy Woodpecker",1975,2
"sm","Downy Woodpecker",1975,3
"sm","Least Flycatcher",1975,30
"sm","Black-c. Chickadee",1975,1
"sm","White-br. Nuthatch",1975,1.5
"sm","Winter Wren",1975,2
"sm","Wood Thrush",1975,6.5
"sm","Hermit Thrush",1975,7.5
"sm","Veery",1975,2.5
"sm","Swainson's Thrush",1975,8
"sm","Philadelphia Vireo",1975,3.5
"sm","Red-eyed Vireo",1975,31
"sm","Bk.-thr. Green Warbler",1975,8
"sm","Bk.-thr. Blue Warbler",1975,12
"sm","Blackburnian Warbler",1975,6
"sm","Ovenbird",1975,18
"sm","American Redstart",1975,39
"sm","Scarlet Tanager",1975,1.5
"sm","Rose-br. Grosbeak",1975,7.5
"sm","Dark-eyed Junco",1975,5
"sm","Yellow-b.Sapsucker",1976,5
"sm","Hairy Woodpecker",1976,2
"sm","Downy Woodpecker",1976,2.5
"sm","Least Flycatcher",1976,28
"sm","White-br. Nuthatch",1976,1.5
"sm","Winter Wren",1976,5
"sm","Wood Thrush",1976,5
"sm","Hermit Thrush",1976,5
"sm","Veery",1976,2.5
"sm","Swainson's Thrush",1976,7
"sm","Philadelphia Vireo",1976,3.5
"sm","Solitary Vireo",1976,0.5
"sm","Red-eyed Vireo",1976,30
"sm","Bk.-thr. Green Warbler",1976,8
"sm","Bk.-thr. Blue Warbler",1976,11
"sm","Blackburnian Warbler",1976,2
"sm","Ovenbird",1976,18.5
"sm","American Redstart",1976,42
"sm","Scarlet Tanager",1976,1.5
"sm","Rose-br. Grosbeak",1976,7
"sm","Dark-eyed Junco",1976,6
"sm","Yellow-b.Sapsucker",1977,5
"sm","Hairy Woodpecker",1977,3
"sm","Downy Woodpecker",1977,3
"sm","Least Flycatcher",1977,34
"sm","Black-c. Chickadee",1977,2
"sm","White-br. Nuthatch",1977,3
"sm","Winter Wren",1977,1
"sm","Wood Thrush",1977,9
"sm","Hermit Thrush",1977,4
"sm","Veery",1977,3
"sm","Swainson's Thrush",1977,4
"sm","Philadelphia Vireo",1977,2
"sm","Solitary Vireo",1977,4
"sm","Red-eyed Vireo",1977,23.5
"sm","Bk.-thr. Green Warbler",1977,7
"sm","Bk.-thr. Blue Warbler",1977,12
"sm","Blackburnian Warbler",1977,3
"sm","Ovenbird",1977,9
"sm","American Redstart",1977,44
"sm","Scarlet Tanager",1977,4
"sm","Rose-br. Grosbeak",1977,5
"sm","Dark-eyed Junco",1977,2
"sm","Yellow-b.Sapsucker",1978,3
"sm","Hairy Woodpecker",1978,2
"sm","Downy Woodpecker",1978,3.5
"sm","Least Flycatcher",1978,22
"sm","White-br. Nuthatch",1978,2.5
"sm","Wood Thrush",1978,7
"sm","Hermit Thrush",1978,1.5
"sm","Veery",1978,4
"sm","Swainson's Thrush",1978,5
"sm","Philadelphia Vireo",1978,3
"sm","Solitary Vireo",1978,3
"sm","Red-eyed Vireo",1978,20
"sm","Bk.-thr. Green Warbler",1978,7.5
"sm","Bk.-thr. Blue Warbler",1978,10.5
"sm","Blackburnian Warbler",1978,1
"sm","Ovenbird",1978,13
"sm","American Redstart",1978,32.5
"sm","Scarlet Tanager",1978,3.5
"sm","Rose-br. Grosbeak",1978,4
"sm","Yellow-b.Sapsucker",1979,4
"sm","Hairy Woodpecker",1979,3
"sm","Downy Woodpecker",1979,2
"sm","Least Flycatcher",1979,22
"sm","White-br. Nuthatch",1979,1
"sm","Wood Thrush",1979,7
"sm","Veery",1979,3
"sm","Swainson's Thrush",1979,7
"sm","Philadelphia Vireo",1979,2
"sm","Red-eyed Vireo",1979,16
"sm","Bk.-thr. Green Warbler",1979,9
"sm","Bk.-thr. Blue Warbler",1979,14.5
"sm","Yellow-r. Warbler",1979,1
"sm","Blackburnian Warbler",1979,1
"sm","Ovenbird",1979,12
"sm","American Redstart",1979,36
"sm","Scarlet Tanager",1979,2
"sm","Rose-br. Grosbeak",1979,4
"sm","Yellow-b.Sapsucker",1980,2
"sm","Hairy Woodpecker",1980,2
"sm","Downy Woodpecker",1980,4
"sm","Least Flycatcher",1980,15
"sm","Blue Jay",1980,1
"sm","Black-c. Chickadee",1980,2
"sm","Brown Creeper",1980,2
"sm","White-br. Nuthatch",1980,2
"sm","Winter Wren",1980,1
"sm","Wood Thrush",1980,3
"sm","Hermit Thrush",1980,2
"sm","Veery",1980,1
"sm","Swainson's Thrush",1980,3
"sm","Philadelphia Vireo",1980,3
"sm","Red-eyed Vireo",1980,13
"sm","Bk.-thr. Green Warbler",1980,10
"sm","Bk.-thr. Blue Warbler",1980,8
"sm","Blackburnian Warbler",1980,2
"sm","Ovenbird",1980,10
"sm","American Redstart",1980,34.5
"sm","Scarlet Tanager",1980,4
"sm","Rose-br. Grosbeak",1980,6
"sm","Yellow-b.Sapsucker",1981,2.5
"sm","Hairy Woodpecker",1981,2
"sm","Least Flycatcher",1981,1
"sm","Wood Pewee",1981,2
"sm","Blue Jay",1981,1.5
"sm","Black-c. Chickadee",1981,1
"sm","White-br. Nuthatch",1981,3
"sm","Winter Wren",1981,0.5
"sm","Wood Thrush",1981,0.5
"sm","Hermit Thrush",1981,1
"sm","Veery",1981,2
"sm","Swainson's Thrush",1981,2
"sm","Philadelphia Vireo",1981,2
"sm","Red-eyed Vireo",1981,26
"sm","Bk.-thr. Green Warbler",1981,9
"sm","Bk.-thr. Blue Warbler",1981,12
"sm","Blackburnian Warbler",1981,3.5
"sm","Ovenbird",1981,10
"sm","American Redstart",1981,22
"sm","Scarlet Tanager",1981,5
"sm","Rose-br. Grosbeak",1981,8
"sm","Yellow-b.Sapsucker",1982,2
"sm","Hairy Woodpecker",1982,3
"sm","Downy Woodpecker",1982,1
"sm","White-br. Nuthatch",1982,2
"sm","Wood Thrush",1982,2
"sm","Hermit Thrush",1982,1
"sm","Veery",1982,3
"sm","Swainson's Thrush",1982,1
"sm","Philadelphia Vireo",1982,2
"sm","Red-eyed Vireo",1982,23
"sm","Bk.-thr. Green Warbler",1982,8.5
"sm","Bk.-thr. Blue Warbler",1982,14
"sm","Yellow-r. Warbler",1982,1
"sm","Blackburnian Warbler",1982,4.5
"sm","Ovenbird",1982,11
"sm","American Redstart",1982,32
"sm","Scarlet Tanager",1982,6
"sm","Rose-br. Grosbeak",1982,7
"sm","Yellow-b.Sapsucker",1983,2
"sm","Hairy Woodpecker",1983,0.5
"sm","Downy Woodpecker",1983,3
"sm","White-br. Nuthatch",1983,1.5
"sm","Wood Thrush",1983,2
"sm","Hermit Thrush",1983,2
"sm","Veery",1983,2
"sm","Swainson's Thrush",1983,2
"sm","Red-eyed Vireo",1983,22
"sm","Bk.-thr. Green Warbler",1983,11
"sm","Bk.-thr. Blue Warbler",1983,13.5
"sm","Blackburnian Warbler",1983,2
"sm","Ovenbird",1983,13.5
"sm","American Redstart",1983,30
"sm","Scarlet Tanager",1983,7
"sm","Rose-br. Grosbeak",1983,4
"sm","Yellow-b.Sapsucker",1984,2
"sm","Hairy Woodpecker",1984,1
"sm","Downy Woodpecker",1984,1.5
"sm","White-br. Nuthatch",1984,2.5
"sm","Wood Thrush",1984,1
"sm","Hermit Thrush",1984,3.5
"sm","Veery",1984,2
"sm","Swainson's Thrush",1984,2
"sm","Red-eyed Vireo",1984,20.5
"sm","Bk.-thr. Green Warbler",1984,7
"sm","Bk.-thr. Blue Warbler",1984,9.5
"sm","Blackburnian Warbler",1984,1
"sm","Ovenbird",1984,11
"sm","American Redstart",1984,14
"sm","Scarlet Tanager",1984,4
"sm","Rose-br. Grosbeak",1984,5
"sm","Dark-eyed Junco",1984,1
"sm","Ruby-thr. Hummingbird",1985,2
"sm","Yellow-b.Sapsucker",1985,1
"sm","Hairy Woodpecker",1985,2
"sm","Downy Woodpecker",1985,2
"sm","Black-c. Chickadee",1985,1
"sm","White-br. Nuthatch",1985,2
"sm","Wood Thrush",1985,1
"sm","Hermit Thrush",1985,2
"sm","Veery",1985,4.5
"sm","Swainson's Thrush",1985,4
"sm","Solitary Vireo",1985,0.5
"sm","Red-eyed Vireo",1985,21.5
"sm","Bk.-thr. Green Warbler",1985,15
"sm","Bk.-thr. Blue Warbler",1985,8.5
"sm","Yellow-r. Warbler",1985,3
"sm","Blackburnian Warbler",1985,0.5
"sm","Ovenbird",1985,10
"sm","American Redstart",1985,27
"sm","Scarlet Tanager",1985,3
"sm","Rose-br. Grosbeak",1985,5.5
"sm","Yellow-b.Sapsucker",1986,2
"sm","Hairy Woodpecker",1986,1.5
"sm","Brown Creeper",1986,0.5
"sm","White-br. Nuthatch",1986,1
"sm","Wood Thrush",1986,1.5
"sm","Hermit Thrush",1986,2
"sm","Veery",1986,2.5
"sm","Swainson's Thrush",1986,1.5
"sm","Red-eyed Vireo",1986,22
"sm","Bk.-thr. Green Warbler",1986,8.5
"sm","Bk.-thr. Blue Warbler",1986,10.5
"sm","Yellow-r. Warbler",1986,1.5
"sm","Blackburnian Warbler",1986,2
"sm","Ovenbird",1986,16
"sm","American Redstart",1986,13
"sm","Scarlet Tanager",1986,2
"sm","Rose-br. Grosbeak",1986,2.5
"sm","Yellow-b.Sapsucker",1987,2
"sm","Hairy Woodpecker",1987,1.5
"sm","White-br. Nuthatch",1987,1
"sm","Winter Wren",1987,0.5
"sm","Hermit Thrush",1987,2
"sm","Veery",1987,1.5
"sm","Swainson's Thrush",1987,2
"sm","Solitary Vireo",1987,0.5
"sm","Red-eyed Vireo",1987,19.5
"sm","Bk.-thr. Green Warbler",1987,12
"sm","Bk.-thr. Blue Warbler",1987,11.5
"sm","Ovenbird",1987,15.5
"sm","American Redstart",1987,11
"sm","Scarlet Tanager",1987,1.5
"sm","Rose-br. Grosbeak",1987,2.5
"sm","Yellow-b.Sapsucker",1988,1
"sm","Hairy Woodpecker",1988,1.5
"sm","Downy Woodpecker",1988,1.5
"sm","Least Flycatcher",1988,6
"sm","Blue Jay",1988,0.5
"sm","Brown Creeper",1988,0.5
"sm","White-br. Nuthatch",1988,1
"sm","Winter Wren",1988,1
"sm","Hermit Thrush",1988,4
"sm","Veery",1988,1.5
"sm","Swainson's Thrush",1988,2
"sm","Red-eyed Vireo",1988,22
"sm","Bk.-thr. Green Warbler",1988,17
"sm","Bk.-thr. Blue Warbler",1988,9
"sm","Yellow-r. Warbler",1988,2.5
"sm","Ovenbird",1988,21.5
"sm","American Redstart",1988,13.5
"sm","Scarlet Tanager",1988,2
"sm","Rose-br. Grosbeak",1988,2.5
"sm","Dark-eyed Junco",1988,2
"sm","Yellow-b.Sapsucker",1989,1.5
"sm","Hairy Woodpecker",1989,1
"sm","Downy Woodpecker",1989,2
"sm","Black-c. Chickadee",1989,2
"sm","White-br. Nuthatch",1989,2
"sm","Winter Wren",1989,1
"sm","Wood Thrush",1989,1
"sm","Hermit Thrush",1989,4
"sm","Veery",1989,0.5
"sm","Swainson's Thrush",1989,2
"sm","Red-eyed Vireo",1989,22.5
"sm","Bk.-thr. Green Warbler",1989,15.5
"sm","Bk.-thr. Blue Warbler",1989,15
"sm","Yellow-r. Warbler",1989,2
"sm","Blackburnian Warbler",1989,2
"sm","Ovenbird",1989,16
"sm","American Redstart",1989,5.5
"sm","Scarlet Tanager",1989,2.5
"sm","Rose-br. Grosbeak",1989,3
"sm","Ruby-thr. Hummingbird",1990,1
"sm","Yellow-b.Sapsucker",1990,3
"sm","Hairy Woodpecker",1990,1
"sm","Black-c. Chickadee",1990,2
"sm","Brown Creeper",1990,2.5
"sm","White-br. Nuthatch",1990,3
"sm","Winter Wren",1990,2
"sm","Wood Thrush",1990,1
"sm","Hermit Thrush",1990,5
"sm","Veery",1990,2
"sm","Swainson's Thrush",1990,3.5
"sm","Red-eyed Vireo",1990,24
"sm","Bk.-thr. Green Warbler",1990,17.5
"sm","Bk.-thr. Blue Warbler",1990,16
"sm","Yellow-r. Warbler",1990,2
"sm","Blackburnian Warbler",1990,1
"sm","Ovenbird",1990,20
"sm","American Redstart",1990,18.5
"sm","Scarlet Tanager",1990,1.5
"sm","Rose-br. Grosbeak",1990,4.5
"sm","Dark-eyed Junco",1990,2
"sm","Ruby-thr. Hummingbird",1991,2
"sm","Yellow-b.Sapsucker",1991,2
"sm","Hairy Woodpecker",1991,2
"sm","Downy Woodpecker",1991,1.5
"sm","Least Flycatcher",1991,1.5
"sm","Wood Pewee",1991,1
"sm","Black-c. Chickadee",1991,1
"sm","Brown Creeper",1991,2
"sm","White-br. Nuthatch",1991,1.5
"sm","Winter Wren",1991,3
"sm","Hermit Thrush",1991,2
"sm","Veery",1991,2.5
"sm","Swainson's Thrush",1991,2.5
"sm","Solitary Vireo",1991,2.5
"sm","Red-eyed Vireo",1991,25.5
"sm","Bk.-thr. Green Warbler",1991,13.5
"sm","Bk.-thr. Blue Warbler",1991,13.5
"sm","Yellow-r. Warbler",1991,2
"sm","Blackburnian Warbler",1991,2.5
"sm","Ovenbird",1991,17.5
"sm","American Redstart",1991,14
"sm","Scarlet Tanager",1991,2.5
"sm","Rose-br. Grosbeak",1991,2
"sm","Yellow-b.Sapsucker",1992,3
"sm","Hairy Woodpecker",1992,2
"sm","Downy Woodpecker",1992,2
"sm","Least Flycatcher",1992,1
"sm","Wood Pewee",1992,1
"sm","Black-c. Chickadee",1992,3
"sm","Brown Creeper",1992,0.5
"sm","White-br. Nuthatch",1992,2
"sm","Winter Wren",1992,1
"sm","Hermit Thrush",1992,5
"sm","Veery",1992,6
"sm","Swainson's Thrush",1992,3.5
"sm","Solitary Vireo",1992,2
"sm","Red-eyed Vireo",1992,15
"sm","Bk.-thr. Green Warbler",1992,18
"sm","Bk.-thr. Blue Warbler",1992,15
"sm","Yellow-r. Warbler",1992,3
"sm","Blackburnian Warbler",1992,3
"sm","Ovenbird",1992,15.5
"sm","American Redstart",1992,19
"sm","Scarlet Tanager",1992,4.5
"sm","Rose-br. Grosbeak",1992,4
"sm","Yellow-b.Sapsucker",1993,1
"sm","Hairy Woodpecker",1993,1
"sm","Wood Pewee",1993,1
"sm","Black-c. Chickadee",1993,2
"sm","White-br. Nuthatch",1993,2
"sm","Hermit Thrush",1993,3
"sm","Veery",1993,3.5
"sm","Swainson's Thrush",1993,2.5
"sm","Solitary Vireo",1993,2
"sm","Red-eyed Vireo",1993,16.5
"sm","Bk.-thr. Green Warbler",1993,17.5
"sm","Bk.-thr. Blue Warbler",1993,11
"sm","Ovenbird",1993,13.5
"sm","American Redstart",1993,13
"sm","Scarlet Tanager",1993,3.5
"sm","Rose-br. Grosbeak",1993,0.5
"sm","Yellow-b.Sapsucker",1994,2.5
"sm","Hairy Woodpecker",1994,1
"sm","Downy Woodpecker",1994,2.5
"sm","Wood Pewee",1994,1
"sm","Black-c. Chickadee",1994,2
"sm","Brown Creeper",1994,1.5
"sm","White-br. Nuthatch",1994,1
"sm","Winter Wren",1994,1
"sm","Hermit Thrush",1994,3.5
"sm","Veery",1994,4
"sm","Solitary Vireo",1994,1
"sm","Red-eyed Vireo",1994,18.5
"sm","Bk.-thr. Green Warbler",1994,13.5
"sm","Bk.-thr. Blue Warbler",1994,7
"sm","Ovenbird",1994,9
"sm","American Redstart",1994,7.5
"sm","Scarlet Tanager",1994,3.5
"sm","Rose-br. Grosbeak",1994,2
"sm","Dark-eyed Junco",1994,2
"sm","Ruffed Grouse",1995,2
"sm","Yellow-b.Sapsucker",1995,2
"sm","Hairy Woodpecker",1995,2
"sm","Black-c. Chickadee",1995,2
"sm","Hermit Thrush",1995,2
"sm","Veery",1995,3
"sm","Red-eyed Vireo",1995,18
"sm","Bk.-thr. Green Warbler",1995,14
"sm","Bk.-thr. Blue Warbler",1995,10
"sm","Ovenbird",1995,11
"sm","American Redstart",1995,2
"sm","Scarlet Tanager",1995,2
"sm","Rose-br. Grosbeak",1995,2
"sm","Ruffed Grouse",1996,1
"sm","Yellow-b.Sapsucker",1996,2
"sm","Hairy Woodpecker",1996,2
"sm","Blue Jay",1996,1
"sm","Brown Creeper",1996,1
"sm","White-br. Nuthatch",1996,3
"sm","Winter Wren",1996,1.5
"sm","Hermit Thrush",1996,5
"sm","Veery",1996,3
"sm","Swainson's Thrush",1996,0.5
"sm","Red-eyed Vireo",1996,19
"sm","Bk.-thr. Green Warbler",1996,16
"sm","Bk.-thr. Blue Warbler",1996,5.5
"sm","Yellow-r. Warbler",1996,2
"sm","Blackburnian Warbler",1996,3.5
"sm","Ovenbird",1996,12
"sm","American Redstart",1996,10.5
"sm","Scarlet Tanager",1996,2
"sm","Rose-br. Grosbeak",1996,2
"sm","Yellow-b.Sapsucker",1997,3
"sm","Hairy Woodpecker",1997,1
"sm","Downy Woodpecker",1997,1
"sm","Black-c. Chickadee",1997,2
"sm","White-br. Nuthatch",1997,1.5
"sm","Hermit Thrush",1997,1
"sm","Veery",1997,2.5
"sm","Swainson's Thrush",1997,2
"sm","Red-eyed Vireo",1997,22
"sm","Bk.-thr. Green Warbler",1997,8.5
"sm","Bk.-thr. Blue Warbler",1997,8.5
"sm","Yellow-r. Warbler",1997,2.5
"sm","Blackburnian Warbler",1997,4
"sm","Ovenbird",1997,10.5
"sm","American Redstart",1997,10.5
"sm","Scarlet Tanager",1997,2
"sm","Rose-br. Grosbeak",1997,4
"sm","Yellow-b.Sapsucker",1998,2
"sm","Black-c. Chickadee",1998,1
"sm","Brown Creeper",1998,2
"sm","Winter Wren",1998,4
"sm","Hermit Thrush",1998,3
"sm","Veery",1998,2
"sm","Red-eyed Vireo",1998,17
"sm","Bk.-thr. Green Warbler",1998,11
"sm","Bk.-thr. Blue Warbler",1998,8.5
"sm","Ovenbird",1998,9
"sm","American Redstart",1998,10
"sm","Scarlet Tanager",1998,2
"sm","Yellow-b.Sapsucker",1999,1.5
"sm","Hairy Woodpecker",1999,2.5
"sm","Downy Woodpecker",1999,1
"sm","Black-c. Chickadee",1999,3.5
"sm","White-br. Nuthatch",1999,2
"sm","Winter Wren",1999,1
"sm","Hermit Thrush",1999,3
"sm","Veery",1999,2.5
"sm","Solitary Vireo",1999,3
"sm","Red-eyed Vireo",1999,23.5
"sm","Bk.-thr. Green Warbler",1999,12.5
"sm","Bk.-thr. Blue Warbler",1999,11
"sm","Ovenbird",1999,4
"sm","American Redstart",1999,9.5
"sm","Scarlet Tanager",1999,2
"sm","Rose-br. Grosbeak",1999,2
"sm","Yellow-b.Sapsucker",2000,3
"sm","Hairy Woodpecker",2000,2
"sm","Brown Creeper",2000,2
"sm","White-br. Nuthatch",2000,2
"sm","Winter Wren",2000,1
"sm","Hermit Thrush",2000,3
"sm","Solitary Vireo",2000,1.5
"sm","Red-eyed Vireo",2000,28
"sm","Bk.-thr. Green Warbler",2000,15.5
"sm","Bk.-thr. Blue Warbler",2000,10.5
"sm","Yellow-r. Warbler",2000,2
"sm","Blackburnian Warbler",2000,2
"sm","Ovenbird",2000,7.5
"sm","American Redstart",2000,7.5
"sm","Scarlet Tanager",2000,1
"sm","Yellow-b.Sapsucker",2001,3
"sm","Hairy Woodpecker",2001,2
"sm","Brown Creeper",2001,2
"sm","White-br. Nuthatch",2001,1
"sm","Hermit Thrush",2001,4.5
"sm","Swainson's Thrush",2001,4
"sm","Solitary Vireo",2001,3.5
"sm","Red-eyed Vireo",2001,29
"sm","Bk.-thr. Green Warbler",2001,13.5
"sm","Bk.-thr. Blue Warbler",2001,9
"sm","Yellow-r. Warbler",2001,4
"sm","Blackburnian Warbler",2001,4
"sm","Ovenbird",2001,7
"sm","American Redstart",2001,4
"sm","Scarlet Tanager",2001,0.5
"sm","Yellow-b.Sapsucker",2002,2
"sm","Hairy Woodpecker",2002,1
"sm","Brown Creeper",2002,2
"sm","White-br. Nuthatch",2002,2
"sm","Winter Wren",2002,1
"sm","Hermit Thrush",2002,3
"sm","Red-eyed Vireo",2002,19
"sm","Bk.-thr. Green Warbler",2002,16
"sm","Bk.-thr. Blue Warbler",2002,9
"sm","Yellow-r. Warbler",2002,2
"sm","Blackburnian Warbler",2002,3
"sm","Ovenbird",2002,7.5
"sm","American Redstart",2002,2
"sm","Scarlet Tanager",2002,1
"sm","Yellow-b.Sapsucker",2003,4
"sm","Hairy Woodpecker",2003,3
"sm","Downy Woodpecker",2003,2
"sm","Black-c. Chickadee",2003,2
"sm","White-br. Nuthatch",2003,2
"sm","Hermit Thrush",2003,4.5
"sm","Solitary Vireo",2003,3
"sm","Red-eyed Vireo",2003,21
"sm","Bk.-thr. Green Warbler",2003,13
"sm","Bk.-thr. Blue Warbler",2003,7.5
"sm","Yellow-r. Warbler",2003,2
"sm","Blackburnian Warbler",2003,3
"sm","Ovenbird",2003,8
"sm","American Redstart",2003,7
"sm","Scarlet Tanager",2003,5
"sm","Rose-br. Grosbeak",2003,2
"sm","Yellow-b.Sapsucker",2004,4
"sm","Hairy Woodpecker",2004,2
"sm","Downy Woodpecker",2004,2
"sm","Black-c. Chickadee",2004,1
"sm","Winter Wren",2004,3
"sm","Hermit Thrush",2004,3
"sm","Red-eyed Vireo",2004,21
"sm","Bk.-thr. Green Warbler",2004,13.5
"sm","Bk.-thr. Blue Warbler",2004,6
"sm","Blackburnian Warbler",2004,2
"sm","Ovenbird",2004,8
"sm","American Redstart",2004,2
"sm","Scarlet Tanager",2004,4
"sm","Rose-br. Grosbeak",2004,4
"sm","Yellow-b.Sapsucker",2005,5
"sm","Hairy Woodpecker",2005,2.5
"sm","Downy Woodpecker",2005,1
"sm","Blue Jay",2005,1
"sm","Black-c. Chickadee",2005,2
"sm","Winter Wren",2005,2
"sm","Hermit Thrush",2005,4.5
"sm","Veery",2005,1
"sm","Red-eyed Vireo",2005,24.5
"sm","Bk.-thr. Green Warbler",2005,13
"sm","Bk.-thr. Blue Warbler",2005,8
"sm","Yellow-r. Warbler",2005,2
"sm","Blackburnian Warbler",2005,4
"sm","Ovenbird",2005,15.5
"sm","American Redstart",2005,1
"sm","Scarlet Tanager",2005,5.5
"sm","Rose-br. Grosbeak",2005,3
"sm","Ruffed Grouse",2006,1
"sm","Ruby-thr. Hummingbird",2006,1
"sm","Yellow-b.Sapsucker",2006,2
"sm","Hairy Woodpecker",2006,3
"sm","Downy Woodpecker",2006,2
"sm","Black-c. Chickadee",2006,4
"sm","Brown Creeper",2006,2
"sm","White-br. Nuthatch",2006,2
"sm","Winter Wren",2006,1.5
"sm","Hermit Thrush",2006,6.5
"sm","Solitary Vireo",2006,3
"sm","Red-eyed Vireo",2006,22
"sm","Bk.-thr. Green Warbler",2006,17.5
"sm","Bk.-thr. Blue Warbler",2006,10
"sm","Yellow-r. Warbler",2006,4.5
"sm","Blackburnian Warbler",2006,2
"sm","Ovenbird",2006,15
"sm","American Redstart",2006,2
"sm","Scarlet Tanager",2006,4
"sm","Rose-br. Grosbeak",2006,2.5
"sm","Ruffed Grouse",2007,1
"sm","Ruby-thr. Hummingbird",2007,1
"sm","Yellow-b.Sapsucker",2007,4
"sm","Hairy Woodpecker",2007,4
"sm","Blue Jay",2007,1
"sm","Black-c. Chickadee",2007,3
"sm","Brown Creeper",2007,1
"sm","White-br. Nuthatch",2007,2
"sm","Winter Wren",2007,1
"sm","Hermit Thrush",2007,4.5
"sm","Solitary Vireo",2007,2
"sm","Red-eyed Vireo",2007,19
"sm","Bk.-thr. Green Warbler",2007,16
"sm","Bk.-thr. Blue Warbler",2007,10.5
"sm","Yellow-r. Warbler",2007,2
"sm","Blackburnian Warbler",2007,2
"sm","Ovenbird",2007,20
"sm","American Redstart",2007,2
"sm","Scarlet Tanager",2007,1.5
"sm","Rose-br. Grosbeak",2007,2.5
"sm","Yellow-b.Sapsucker",2008,3.5
"sm","Hairy Woodpecker",2008,2.5
"sm","Winter Wren",2008,2.5
"sm","Hermit Thrush",2008,4.5
"sm","Swainson's Thrush",2008,2
"sm","Solitary Vireo",2008,4
"sm","Red-eyed Vireo",2008,19.5
"sm","Bk.-thr. Green Warbler",2008,15.5
"sm","Bk.-thr. Blue Warbler",2008,5
"sm","Yellow-r. Warbler",2008,0.5
"sm","Blackburnian Warbler",2008,2
"sm","Ovenbird",2008,21
"sm","American Redstart",2008,3
"sm","Scarlet Tanager",2008,3
"sm","Rose-br. Grosbeak",2008,3
"sm","Yellow-b.Sapsucker",2009,3.5
"sm","Hairy Woodpecker",2009,2.5
"sm","Black-c. Chickadee",2009,0.5
"sm","White-br. Nuthatch",2009,0.5
"sm","Hermit Thrush",2009,6.5
"sm","Swainson's Thrush",2009,2
"sm","Solitary Vireo",2009,2.5
"sm","Red-eyed Vireo",2009,27
"sm","Blk. & Wh. Warbler",2009,2
"sm","Bk.-thr. Green Warbler",2009,24.5
"sm","Bk.-thr. Blue Warbler",2009,6.5
"sm","Blackburnian Warbler",2009,2
"sm","Ovenbird",2009,21.5
"sm","American Redstart",2009,0.5
"sm","Scarlet Tanager",2009,1.5
"sm","Rose-br. Grosbeak",2009,2
"sm","Ruby-thr. Hummingbird",2010,1
"sm","Yellow-b.Sapsucker",2010,4.5
"sm","Hairy Woodpecker",2010,2.5
"sm","Downy Woodpecker",2010,3
"sm","Brown Creeper",2010,4
"sm","Winter Wren",2010,1
"sm","Hermit Thrush",2010,5.5
"sm","Swainson's Thrush",2010,3
"sm","Red-eyed Vireo",2010,23.5
"sm","Bk.-thr. Green Warbler",2010,20.5
"sm","Bk.-thr. Blue Warbler",2010,7.5
"sm","Yellow-r. Warbler",2010,2.5
"sm","Blackburnian Warbler",2010,4
"sm","Ovenbird",2010,17
"sm","Scarlet Tanager",2010,4.5
"sm","Rose-br. Grosbeak",2010,3.5
