"dataset_ID","data_obtained","data_formatted","obtain_priority","dataset_name","retriever_code","Availability","data_source","system","climate","taxa","organism","location","CentralLatitude","CentralLongitude","CentralLatLon_FLAG","spatial_grain_value","spatial_grain_unit","spatial_grain_analysis_value","spatial_grain_analysis_unit","spatial_grain_decision_notes","spatial_sampling_method","spatial_sampling_notes","spatial_extent","spatial_extent_units","Temporal_grain","Temporal_grain_unit","analysis_grain_temporal","Analysis_grain_temporal_unit","temporal_grain_decision_notes","start_year","end_year","study_type","notes","Citation1","Citation2","Citation3","Citation4","Citation5","Citation6","Citation7"
1,"Y","Y",NA,"North American Breeding Bird Survey","","Public","https://www.pwrc.usgs.gov/bbs/","Terrestrial","Temperate","Bird","Birds","",NA,NA,NA,NA,"",NA,"",NA,"","","","",NA,"",NA,"",NA,NA,"","","","","","","","","",NA
33,"Y","Y",NA,"Western English Channel phytoplankton",NA,"Public","http://plankt.oxfordjournals.org/content/32/5/643.full#sec-5","Marine","Temperate","Plankton","Phytoplankton","",50.150002,-4.1300001,0,200,"ml",NA,"",NA,"stations","","","",NA,"",NA,"",NA,1992,"2009","","","C. E. Widdicombe, D. Eloire, D. Harbour, R. P. Harris, P. J. Somerfield, Long-term phytoplankton community dynamics in the Western English Channel. Journal of Plankton Research 32, 643 (2010).",NA,NA,NA,NA,NA,NA
39,"Y","Y",NA,"",NA,"Public","ESA - Ecological Publications (Ecological Monographs)","Terrestrial","Temperate","Bird","Birds","",43.91,-71.75,0,50000,"m2",NA,"",NA,"","","50","",NA,"",NA,"",NA,1970,"1984","","dataset is redundant with dataset 228","R. T. Holmes, T. W. Sherry, F. W. Sturges, Bird Community Dynamics in a Temperate Deciduous Forest: Long-Term Trends at Hubbard Brook. Ecological Monographs 56, 201 (1986).",NA,NA,NA,NA,NA,NA
41,"Y","Y",NA,"Breeding Birds from Preston 1948",NA,"Public","http://www.jstor.org/stable/1931793","Terrestrial","Temperate","Bird","Birds","",39.5,-82.480003,0,28,"ha",NA,"",NA,"counts","","<1","",NA,"",NA,"",NA,1923,"1940","","","F. W. Preston, Time and Space and the Variation of Species. Ecology 41, 612 (1960).",NA,NA,NA,NA,NA,NA
44,"N","N",2,"Andrews plant succession",NA,"Public","http://andrewsforest.oregonstate.edu/lter/data/abstract.cfm?dbcode=TV010&topnav=97","Terrestrial","Temperate","Plant","Tree","Blue River, OR 97413",44.67350699,-120.4082845,0,48500,"m2",NA,"",NA,"","","Local","",NA,"",6,"year",NA,1962,"2008","","","","","","","","",NA
46,"Y","Y",NA,"Skokholm birds",NA,"Public","http://ecologicaldata.org/wiki/skokholm-bird-observatory","Terrestrial","Temperate","Bird","Birds","",51.41634,-5.1721802,0,1,"km2",NA,"",NA,"counts","","1","",NA,"",NA,"",NA,1928,"1979","","","M. Williamson, The Land-Bird Community of Skokholm: Ordination and Turnover. Oikos 41, 378 (1983).",NA,NA,NA,NA,NA,NA
47,"Y","Y",NA,"Canadian duck censuses",NA,"Public","http://ecologicaldata.org/wiki/redvers-waterfowl-census","Terrestrial","Temperate","Bird","Ducks","",50.845457,-107.4463,0,0.2,"km",NA,"",NA,"transect","","<1","",NA,"",NA,"",NA,1952,"1977","","","W. L. Vickery, T. D. Nudds, Detection of Density-Dependent Effects in Annual Duck Censuses. Ecology 65, 96 (1984).",NA,NA,NA,NA,NA,NA
67,"Y","N",NA,"South African Coordinated Waterbird Counts",NA,"Public","http://www.vliz.be/en/imis?module=dataset&dasid=3738","Terrestrial","Temperate","Bird","Waterbirds","",-28.47,24.675,0,NA,"",NA,"",NA,"","","1586205","",1,"year",1,"year",NA,1983,"2006","","","""Animal Demography Unit - Coordinated Waterbird Counts (CWAC) - AfrOBIS"". (Available at http://www.iobis.org/, accessed 2012).",NA,NA,NA,NA,NA,NA
69,"Y","Y",NA,"",NA,"Public","https://data.nbn.org.uk/Datasets/GA000089","Marine","Temperate","Bird","Seabirds","",55.65135,-4.4680754,0,NA,"",NA,"",NA,"","","1673443","",NA,"",NA,"",NA,1994,"2003","","spatial extent is in square kilometers","P. I. Mitchell, S. F. Newton, N. Ratcliffe, T. E. Dunn, ""Seabird 2000"". Eurobis Joint Nature Conservation Committee, Peterborough, UK. (Available at http://www.iobis.org/, accessed 2012)",NA,NA,NA,NA,NA,NA
70,"Y","Y",NA,"Belgian Migrating Lepidoptera Survey",NA,"Public","https://web.archive.org/web/19990220041409/http://users.skynet.be/bs663526/","Terrestrial","Temperate","Arthropod","Butterflies","",51,4,NA,NA,"",NA,"",NA,"","","","",NA,"",NA,"",NA,1983,"1996","","","B. Vanholder, ""Belgian Migrating Lepidoptera (1997)"". (Available at http://www.club.innet.be/~pub00644, accessed 2012).","""Belgian Migrating Lepidoptera"". NERC Centre for Population Biology, Imperial College, The Global Population Dynamics Database v2.0. (Available at http://www3.imperial.ac.uk/cpb/databases/gpdd, accessed 2012).",NA,NA,NA,NA,NA
71,"Y","N",NA,"",NA,"Public","http://dw.sfos.uaf.edu/rest/metadata/ArcOD/2007P6","Marine","Polar/Temperate","Plankton","Phytoplankton","",77.004997,72.396996,0,NA,"",NA,"",NA,"","","4092385","",1,"year",1,"year",NA,1993,"2003","","spatial extent is in square kilometers","T. N. Ratkova, ""Phytoplankton of the White Sea, Barents Sea, Amundsen & Nansen Basins"". Institute of Oceanology, Academy of Sciences of Russia, Moscow, Russia; Arctic Ocean Diversity, University of Alaska Fairbanks, Fairbanks. (Available at http://www.arcodiv.org/Database/Plankton_datasets, accessed 2012). ",NA,NA,NA,NA,NA,NA
72,"Y","N",NA,"",NA,"Public","http://wsbs-msu.ru/res/DictionaryAttachment/395/DOC_FILENAME/Pertsova_Kosobokova_Zooplankton%20of%20the%20White%20Sea_2003.pdf","Marine","Polar/Temperate","Plankton","Zooplankton","",65.633301,36.225,0,NA,"",NA,"",NA,"","","260835","",NA,"",NA,"",NA,1998,"2003","","spatial extent is in square kilometers","K. Kosobokova, ""White Sea Zooplankton"".  Shirshov Institute of Oceanology, Moscow; Arctic Ocean Diversity, University of Alaska Fairbanks, Fairbanks. (Available at http://www.arcodiv.org/Database/Plankton_datasets, accessed 2012).",NA,NA,NA,NA,NA,NA
76,"Y","Y",NA,"",NA,"Public","http://idn.ceos.org/portals/Metadata.do?Portal=idn_ceos&KeywordPath=%5BFreetext%3D%27USGS%27%5D%7CRefine+By+Parameters%7CAGRICULTURE%7CFOOD+SCIENCE&EntryId=Eurobis_505&MetadataView=Text&MetadataType=0&lbnode=mdlb5","Marine","Temperate","Benthos","Benthos animals","",54.014999,0.9050002,0,0.1,"m2",NA,"",NA,"grab","used in 100m range ring","832035","",NA,"",NA,"",NA,1992,"1996","","spatial extent is in square kilometers","H. Rees, M. Pendle, R. Waldock, D. Limpenny, S. Boyd, A comparison of Benthos biodiversity in the North Sea, English Channel, and Celtic Seas. ICES Journal of Marine Science: Journal du Conseil 56, 228 (1999).","H. Rees, M. Pendle, R. Waldock, D. Limpenny, S. Boyd, ""A comparison of Benthos biodiversity in the North Sea, English Channel and Celtic Seas - Epifauna"". Centre for Environment, Fisheries and Aquaculture Science; Burnham Laboratory, UK. (Available at http://www.emodnet-biology.eu/component/imis/?module=dataset&dasid=505, accessed 2012).",NA,NA,NA,NA,NA
78,"Y","Y",NA,"",NA,"Public","http://www.vliz.be/en/imis?module=dataset&dasid=601","Marine","Temperate","Benthos","Macro-zoobenthos","",56.974998,18.33,0,0.1,"m2",NA,"",NA,"grab","","148740","",NA,"",NA,"",NA,1980,"2005","","spatial extent is in square kilometers","M. L. Zettler, ""Macrozoobenthos baltic sea (1980-2005) as part of the IOW-Monitoring"". Institut f?r Ostseeforschung Warnem?nde, Germany (2005). ""IOW Macrozoobenthos monitoring Baltic Sea (1980-2005) (EurOBIS)"". (Available at http://www.iobis.org, accessed 2012).",NA,NA,NA,NA,NA,NA
84,"Y","N",NA,"",NA,"Public","http://www.emodnet-biology.eu/data-catalog?module=dataset&dasid=2690","Marine","Temperate","Plant","Macroalgae","",44.957899,33.8528,0,0.1,"m2",NA,"",NA,"stations","","1366","",1,"year",1,"year",NA,1967,"2007","","spatial extent is in square kilometers","N. A. Milchakova, V. G. Ryabogina, E. B. Chernyshova, ""Macroalgae of the Crimean coastal zone (the Black Sea, 1967-2007)"". Sevastopol, IBSS (2011). (Available at http://www.emodnet-biology.eu/component/imis/?module=dataset&dasid=2690, accessed 2012).",NA,NA,NA,NA,NA,NA
85,"Y","N",NA,"North Sea invertebrates",NA,"Public","OBIS Resource ID 251, http://www.emodnet-biology.eu/data-catalog?module=dataset&dasid=1037","Marine","Temperate","Benthos","Macrobenthos","",53.5443,4.627365,0,NA,"",NA,"",NA,"","","171011","",1,"year",1,"year",NA,1992,"2003","","","W. Addinck, M. de Kluijver, ""North Sea observations of Crustacea, Polychaeta, Echinodermata, Mollusca and some other groups between 1986 and 2003"". Expert Centre for Taxonomic Idenditification (ETI), the Netherlands (2003). (Available at http://www.emodnet-biology.eu/component/imis/?module=dataset&dasid=1037, accessed 2012). ",NA,NA,NA,NA,NA,NA
86,"Y","N",NA,"",NA,"Public","www.emodnet-biology.eu/component/imis/?module=dataset&dasid=2694","Marine","Temperate","Plankton","Phytoplankton","",44.5,35.40835,0,NA,"",NA,"",NA,"","","446518","",NA,"",NA,"",NA,1985,"1998","","spatial extent is in square kilometers","N. Derezuyk, ""Phytoplankton of the Ukrainian Black Sea shelf (1985-2005)"". (Available at http://www.emodnet-biology.eu/component/imis/?module=dataset&dasid=2694, accessed 2012).",NA,NA,NA,NA,NA,NA
87,"Y","Y",NA,"Phytoplankton in the Oosterschelde before, during and after the storm-surge barrier (1982-1990)",NA,"Public","OBIS Resource ID 505, http://www.emodnet-biology.eu/component/imis/?module=dataset&dasid=1646","Marine","Temperate","Plankton","Phytoplankton","",51.54925,3.91205,0,NA,"",NA,"",NA,"","","","",NA,"",NA,"",NA,1982,"1990","","dataset possibly unsuitable bc time series spans major disturbance/habitat reconfiguration","C. Bakker, P. Herman, M. Vink, A New Trend in the Development of the Phytoplankton in the Oosterschelde (SW Netherlands) during and after the Construction of a Storm-Surge Barrier.  Hydrobiologia 283, 1 (1994).","K. Bakker, P. Herman, ""Phytoplankton in the Oosterschelde before, during and after the storm-surge barrier (1982-1990)"". Netherlands Institute of Ecology; Centre for Estuarine and Marine Ecology, Netherlands. EurOBIS Data (1990). (Available at http://www.emodnet-biology.eu/component/imis/?module=dataset&dasid=1646, accessed 2013).  ",NA,NA,NA,NA,NA
90,"Y","N",NA,"Zooplankton in the Bay of Biscay",NA,"Public","OBIS Resource ID 3046, http://www.emodnet-biology.eu/data-catalog?module=dataset&dasid=2774","Marine","Temperate","Plankton","Zooplankton","",44.724501,-2.7983999,0,3,"nautical_miles",NA,"",NA,"stations"," 3 nautical miles apart","116189","",NA,"",NA,"",NA,1995,"2004","","","""Zooplankton in the Bay of Biscay (1995-2004, yearly DEPM surveys)"". (Available at http://www.emodnet-biology.eu/component/imis/?module=dataset&dasid=2774,  accessed 2012).",NA,NA,NA,NA,NA,NA
91,"Y","N",NA,"Baltic seabirds transect surveys",NA,"Public","OBIS Resource ID 2260, http://www.emodnet-biology.eu/data-catalog?module=dataset&dasid=1971","Marine","Temperate","Bird","Birds","",56.855001,21.025001,0,300,"m",NA,"",NA,"transect","","153286","",1,"year",1,"year",NA,1992,"1999","","","""Baltic Seabirds Transect Surveys"", Institute of Ecology of Vilnius University - OBIS-SEAMAP. (Available at http://www.emodnet-biology.eu/component/imis/?module=dataset&dasid=1971, accessed 2012).","A. J. Read, P. N. Halpin, L. B. Crowder, B. D. Best, E. Fujioka (Editors) ""OBIS-SEAMAP: mapping marine mammals, birds and turtles"" (2011). (Available at http://seamap.env.duke.edu, accessed 2012). ",NA,NA,NA,NA,NA
92,"Y","N",NA,"Benthos of the White Sea",NA,"Public","OBIS Resource ID 2307, http://www.emodnet-biology.eu/data-catalog?module=dataset&dasid=2769","Marine","Polar/Temperate","Benthos","Macrobenthos","White Sea",38.055,65.614998,0,0.25,"m2",NA,"",NA,"grab","","387745","",1,"year",1,"year",NA,1981,"2010","","abundance data suspect, raw data source unknown","A. Naumov, ""Benthos of the White Sea. A database"". White Sea Biological Station, Zoological Institute RAS. (Available at http://www.emodnet-biology.eu/component/imis/?module=dataset&dasid=2769, accessed 2012).",NA,NA,NA,NA,NA,NA
97,"Y","Y",NA,"Archives of the Arctic Seas Zooplankton",NA,"Public","OBIS Resource ID 2282","Marine","Polar/Temperate","Plankton","Zooplankton","",69.974998,0.0166473,0,37,"cm_diameter",NA,"",NA,"net","","254,866,15","",1,"year",1,"year",NA,1921,"1973","Observational","raw data source unknown, our datafile has fewer records than available on OBIS","E. L. Markhaseva, A. A. Golikov, T. A. Agapova, A. A. Beig, ""Archives of the Arctic Seas Zooplankton 1"" (1985).  (Available at http://www.iobis.org, accessed 2012).",NA,NA,NA,NA,NA,NA
99,"Y","N",NA,"CSIRO Marine Data Warehouse (""csiro_warehouse"")",NA,"Public","OBIS Resource ID 3561, http://gcmd.nasa.gov/records/GCMD_cmar_wh.html","Marine","Tropical/Temperate","Fish","Fish","",-26.212501,134.525,0,NA,"",NA,"",NA,"","","4301846","",1,"year",1,"year",NA,1978,"1997","","see Github issue, raw data source unknown","""CSIRO Marine Data Warehouse - OBIS Australia"", CSIRO Division of Marine and Atmospheric Research (CMAR), Australia. (Available at http://www.iobis.org, accessed 2012).",NA,NA,NA,NA,NA,NA
108,"Y","Y",NA,"",NA,"Public","http://www.vliz.be/en/imis?module=dataset&dasid=4000","Marine","Global","Bird","Birds","",-15.715,-0.590004,0,2,"degree",NA,"",NA,"","","162783730","",1,"year",1,"year",NA,1977,"2006","Observational","spatial extent is in square kilometers","E. Woehler, ""Seabirds of the Southern and South Indian Ocean - Australian Antarctic Data Centre"". (Available at http://www.iobis.org, accessed 2012).",NA,NA,NA,NA,NA,NA
110,"Y","N",NA,"",NA,"Public","http://www.emodnet-biology.eu/data-catalog?%3Fmodule=dataset&dasid=621","Marine","Temperate","Benthos","Benthos","",55.336491,-3.2542415,0,NA,"",NA,"",NA,"","","1335133","",1,"year",1,"year",NA,1954,"2000","","spatial extent is in square kilometers","R. Ostler, ""Marine Nature Conservation Review (MNCR) and associated Benthos marine data held and managed by JNCC - EurOBIS"". Joint Nature Conservation Committee, Centre for Ecology and hydrology, Aberdeenshire, UK. (Available at http://www.emodnet-biology.eu/data-catalog/??module=dataset&dasid=621, accessed 2012).",NA,NA,NA,NA,NA,NA
112,"Y","N",NA,"",NA,"Public","http://www.vliz.be/en/imis?module=dataset&dasid=3400","Marine","Tropical/Temperate","Fish","Pelagic fish","",26.264999,-54.260002,0,NA,"",NA,"",NA,"","","31877769","",1,"year",1,"year",NA,1992,"2005","","spatial extent is in square kilometers","""Southeast Fisheries Science Center, National Oceanic and Atmospheric Administration. NOAA Southeast Fishery Science Center (SEFSC) Fisheries Log Book System (FLS) Commercial Pelagic Logbook Data"". (Available at http://www.iobis.org, accessed 2012).",NA,NA,NA,NA,NA,NA
113,"Y","N",NA,"",NA,"Public","https://knb.ecoinformatics.org/#view/doi:10.5063/AA/CHL.7.1","Marine","Global","Invertebrate","Invertebrate and some fish","",-4.1129227,-22.458727,0,NA,"",NA,"",NA,"","","45119448","",NA,"",NA,"",NA,1965,"1999","","spatial extent is in square kilometers","P. Pugh, ""Discovery Collections Midwater Database"". National Oceanography Centre, Southampton, UK (2000). (Available at http://noc.ac.uk/data/discovery-collections/, accessed 2012).",NA,NA,NA,NA,NA,NA
117,"Y","Y",NA,"",NA,"Public","http://gcmd.gsfc.nasa.gov/KeywordSearch/Metadata.do?Portal=GCMD&MetadataType=0&MetadataView=Full&KeywordPath=&EntryId=[GCMD]OBIS_NZMBIS","Marine","Temperate","Benthos","Starfish","",-40.114999,0.0049438,0,NA,"",NA,"",NA,"","","28138739","",NA,"",NA,"",NA,1956,"2003","","spatial extent is in square kilometers","""South Western Pacific Regional OBIS Data Asteroid Subset"", NIWA (National Institute of Water and Atmospheric Research - New Zealand) MBIS (Marine Biodata Information System) accessed through South Western Pacific OBIS. (Available at http://www.iobis.org, accessed 2012).",NA,NA,NA,NA,NA,NA
119,"Y","N",NA,"",NA,"Public","http://gcmd.gsfc.nasa.gov/KeywordSearch/Metadata.do?Portal=GCMD&MetadataType=0&MetadataView=Full&KeywordPath=&EntryId=[GCMD]OBIS.DFOgfsDBfish","Marine","Temperate","Fish","Fish","",43.952541,-63.223873,0,NA,"",NA,"",NA,"","","595377","",1,"year",1,"year",NA,1970,"2010","","spatial extent is in square kilometers","D. Clark, B. Branton, ""DFO Maritimes Research Vessel Trawl Surveys, OBIS Canada Digital Collections"". Bedford Institute of Oceanography, Dartmouth, Nova Scotia, Canada, OBIS Canada (2007). (Available at http://www.iobis.org, accessed 2012 ).",NA,NA,NA,NA,NA,NA
120,"Y","N",NA,"",NA,"Public","http://www.vliz.be/en/imis?module=dataset&dasid=3815","Marine","Tropical/Temperate","Plant","Tropical algae","",6.9471664,-5.8605347,0,0.18,"m2",NA,"",NA,"quadrat","","24033496","",1,"year",1,"year",NA,2002,"2008","","spatial extent is in square kilometers","""CRED REA Algal Quadrate Images in the Pacific Ocean 2002-2008"". Coral Reef Ecosystem Division (CRED), Pacific Island Fisheries Sciences Center, National Marine Fisheries Service (2011). (Available at http://www.usgs.gov/obis-usa/data_search_and_access/datasets.html, accessed 2012).",NA,NA,NA,NA,NA,NA
123,"Y","N",NA,"",NA,"Public","http://www.vliz.be/en/imis?module=dataset&dasid=3829","Marine","Temperate","Fish","Fish and Invertebrate","",43.814001,-68.864651,0,NA,"",NA,"",NA,"","","37572","",1,"year",1,"year",NA,2000,"2009","","spatial extent is in square kilometers","S. Sherman, ""Maine Department of Marine Resources Inshore Trawl Survey, 2000 ? 2009"". Maine Department of Marine Resources, Maine (2010). (Available at http://www.usgs.gov/obis-usa/data_search_and_access/datasets.html, accessed 2012).",NA,NA,NA,NA,NA,NA
124,"Y","N",NA,"A Biological Survey of the Waters of Woods Hole and Vicinity",NA,"Public","OBIS Resource ID 230, http://www.vliz.be/en/imis?module=dataset&dasid=3436","Marine","Temperate","Benthos","Invertebrate and Plant","",41.504999,-70.555,0,NA,"",NA,"",NA,"","","2171","",NA,"",NA,"",NA,1903,"1909","","extensive sampling only in 1903-1905, not suitable for our purposes","F. B. Sumner, R. C. Osborn, L. J. Cole, B. M. Davis. A biological survey of the waters of Woods Hole and vicinity. Bulletin of the U.S. Bureau of Fisheries. 31, 1 (1911).","F. B. Sumner, R. C. Osborn, L. J. Cole, B. M. Davis. ""A biological survey of the waters of Woods Hole and vicinity"". (Available at http://www.iobis.org, accessed 2012).",NA,NA,NA,NA,NA
125,"Y","N",NA,"",NA,"Public","http://www.usgs.gov/obis-usa/search/?datasetid=MARMAP_ChevronSurvey#","Marine","Temperate","Fish","Fish","",30.940001,-78.5,0,1.53,"m3",NA,"",NA,"chevron_traps","","101680","",1,"year",1,"year",NA,1988,"2000","","spatial extent is in square kilometers","M. Reichert, ""MARMAP Chevron Trap Survey 1990-2009"". SCDNR/NOAA MARMAP Program, SCDNR MARMAP Aggregate Data Surveys, The Marine Resources Monitoring, Assessment, and Prediction (MARMAP) Program, Marine Resources Research Institute, South Carolina Department of Natural Resources U.S.A. (2009). (Available at http://www.usgs.gov/obis-usa/data_search_and_access/participants.html, accessed 2012).",NA,NA,NA,NA,NA,NA
126,"Y","N",NA,"",NA,"Public","http://www.usgs.gov/obis-usa/search/?datasetid=MARMAP_NeustonNets#","Marine","Temperate","Fish","Fish","",31.315,-78.215,0,NA,"",NA,"",NA,"","","167424","",1,"year",1,"year",NA,1973,"1980","","spatial extent is in square kilometers","M. Reichert, ""MARMAP Neuston Nets 1990-2009, SCDNR/NOAA MARMAP Program, SCDNR MARMAP Aggregate data surveys, The Marine Resources Monitoring, Assessment, and Prediction (MARMAP) Program, Marine Resources Research Institute, South Carolina Department of Natural Resources U.S.A. (2010). (Available at http://www.usgs.gov/obis-usa/data_search_and_access/participants.html, accessed 2012).",NA,NA,NA,NA,NA,NA
127,"Y","Y",NA,"",NA,"Public","http://www.usgs.gov/obis-usa/search/?datasetid=MARMAP_FLAntilleanSurvey#","Marine","Temperate","Fish","Fish","",32.400001,-78.580002,0,0.59,"m3",NA,"",NA,"traps","","61329","",NA,"",NA,"",NA,1980,"1989","","spatial extent is in square kilometers","M. Reichert, ""MARMAP Florida Antillean Trap Survey 1990-2009, SCDNR/NOAA MARMAP Program, SCDNR MARMAP Aggregate Data Surveys, The Marine Resources Monitoring, Assessment, and Prediction (MARMAP) Program, Marine Resources Research Institute, South Carolina Department of Natural Resources U.S.A. (2009). (Available at http://www.usgs.gov/obis-usa/data_search_and_access/participants.html, accessed 2012).",NA,NA,NA,NA,NA,NA
128,"Y","N",NA,"",NA,"Public","http://www.usgs.gov/obis-usa/search/?datasetid=MOC10GB#","Marine","Temperate","Plankton","Zooplankton","",41.375,-67.418999,0,10,"m2",NA,"",NA,"nets","","76893","",NA,"",NA,"",NA,1995,"1999","","spatial extent is in square kilometers","L. Madin, E. Horgan, ""Zooplankton Sampled with 10m2MOCNESS Net in Georges Bank 1995-1999."" Woods Hole Oceanographic Institution, USA: U.S. GLOBEC Data Management Office (2006). (Available at http://www.usgs.gov/obis-usa/data_search_and_access/participants.html, accessed 2012).",NA,NA,NA,NA,NA,NA
129,"Y","N",NA,"",NA,"Public","http://www.usgs.gov/obis-usa/search/?datasetid=STOCS_MAFLA_Benthic#","Marine","Tropical/Temperate","Benthos","Invertebrate","",27.97635,-89.790798,0,NA,"",NA,"",NA,"","","292035","",NA,"",NA,"",NA,1974,"1978","","spatial extent is in square kilometers","""South TX Outer Continental Shelf and MI, AL, and FL Outer Continental Shelf Benthos organism sampling 1974-1978"". US National Oceanographic Data Center, Silver Spring, Maryland, USA (2011). (Available at http://www.usgs.gov/obis-usa/data_search_and_access/participants.html, accessed 2012).",NA,NA,NA,NA,NA,NA
133,"Y","Y",NA,"",NA,"Public","http://www.vliz.be/en/imis?module=dataset&dasid=3700","Marine","Tropical/Temperate","Plankton","Copepods","",-14.875,-40.935801,0,NA,"",NA,"",NA,"","","2833607","",NA,"",NA,"",NA,1954,"1961","","spatial extent is in square kilometers","F. L. Silveira, R. M. Lopes, ""On the Marine Free-Living Copepods off Brazil -WSAOBIS"". Western South Atlantic OBIS, S?o Paulo (2008). (Available at http://www.iobis.org, accessed 2012).",NA,NA,NA,NA,NA,NA
135,"Y","N",NA,"",NA,"Public","http://gcmd.gsfc.nasa.gov/KeywordSearch/Metadata.do?Portal=GCMD&MetadataType=0&MetadataView=Full&KeywordPath=&EntryId=%5BGCMD%5DPrevious_fisheries_REVIZEE_Program","Marine","Tropical/Temperate","Fish","Mostly fish and a few Invertebrate","",-15.437249,-42.09455,0,NA,"",NA,"",NA,"","","1852596","",1,"year",1,"year",NA,1972,"1989","","spatial extent is in square kilometers","""Previous_fisheries_REVIZEE_Program"", accessed through Tropical and Subtropical Western South Pacific OBIS. (Available at http://www.iobis.org, accessed 2012 ).",NA,NA,NA,NA,NA,NA
143,"Y","Y",NA,"",NA,"Public","http://gcmd.nasa.gov/KeywordSearch/Metadata.do?Portal=GCMD&KeywordPath=%5BParameters%3A+Topic%3D%27BIOLOGICAL+CLASSIFICATION%27%2C+Term%3D%27ANIMALS%2FINVERTEBRATES%27%2C+Variable_Level_1%3D%27ARTHROPODS%27%2C+Variable_Level_2%3D%27CRUSTACEANS%27%2C+Variable_Level_3%3D%27COPEPODS%27%5D&OrigMetadataNode=GCMD&EntryId=COPAS_I_copepod&MetadataView=Full&MetadataType=0&lbnode=mdlb1","Marine","Tropical/Temperate","Plankton","Copepods","",-28.257999,-71.922649,0,NA,"",NA,"",NA,"","","81903","",NA,"",NA,"",NA,2002,"2009","","spatial extent is in square kilometers","P. Hidalgo et al., Patterns of copepod diversity in the Chilean coastal upwelling system. Deep Sea Research Part II: Topical Studies in Oceanography 57, 2089 (2010).","R. Escribano, K. Manr?quez, F. Godoy, ""Copepoda-COPAS Center (COPAS_CPD1) - Planktonic copepods from the Chilean Humboldt Current System - Eastern South Pacific Regional Node of OBIS (ESPOBIS)"" (2006). (Available at http://www.iobis.org, accessed 2012).",NA,NA,NA,NA,NA
147,"Y","N",NA,"",NA,"Public","http://gcmd.gsfc.nasa.gov/KeywordSearch/Metadata.do?Portal=GCMD&MetadataType=0&MetadataView=Full&KeywordPath=&EntryId=[GCMD]OBIS_NZMBIS","Marine","Temperate","Benthos","Bryozoa","",-9.6165009,0.0680008,0,NA,"",NA,"",NA,"","","24816747","",NA,"",NA,"",NA,1874,"2003","","spatial extent is in square kilometers","""South Western Pacific Regional OBIS Data Bryozoan Subset"", accessed through South Western Pacific OBIS. (Available at http://www.iobis.org, accessed 2012).",NA,NA,NA,NA,NA,NA
148,"Y","N",NA,"",NA,"Public","http://gcmd.gsfc.nasa.gov/KeywordSearch/Metadata.do?Portal=GCMD&MetadataType=0&MetadataView=Full&KeywordPath=&EntryId=[GCMD]OBIS_NZMBIS","Marine","Tropical/Temperate","Fish","Fish","",-27.071849,0,0,NA,"",NA,"",NA,"","","6824130","",1,"year",1,"year",NA,1961,"2005","","spatial extent is in square kilometers","""South Western Pacific Regional OBIS Data provider for the NIWA Marine Biodata In formation System"", NIWA (National Institute of Water and Atmospheric Research - New Zealand) MBIS (Marine Biodata Information System) accessed through South Western Pacific OBIS. (Available at http://www.iobis.org, accessed 2012).",NA,NA,NA,NA,NA,NA
150,"Y","Y",NA,"",NA,"Public","http://ecologicaldata.org/wiki/admirality-bay-benthos","Marine","Tropical/Temperate","Benthos","Benthos","",-0.0109653,-58.471785,0,NA,"",NA,"",NA,"","","234","",NA,"",NA,"",NA,1979,"1986","","spatial extent is in square kilometers","J. Sicinski, M. Blazewicz-Paszkowycz, ""Admiralty Bay Benthos Diversity Data Base (ABBED). Cumacea"" (2008). (Available at site http://www.scarmarbin.be, accessed 2012).","J. Sicinski, R. Bamber, ""Admiralty Bay Benthos Diversity Data Base (ABBED). Pycnogonida"" (2008). (Available at http://www.scarmarbin.be, accessed 2012).","J. Sicinski, M. Blazewicz-Paszkowycz, ""Admiralty Bay Benthos Diversity Data Base (ABBED). Tanaidacea"" (2008). (Available at http://www.scarmarbin.be, accessed 2012)..","B. Danis, A. Van de Putte, N. Youdjou, H. Segers (Editors), The Antarctic Biodiversity Information Facility. (Available at http://www.biodiversity.aq, accessed 2013).",NA,NA,NA
152,"Y","Y",NA,"",NA,"Public","http://ecologicaldata.org/wiki/census-marine-zooplankton","Marine","Temperate","Plankton","Zooplankton","",44.200001,0,0,60,"cm",NA,"",NA," closing net","","8834130","",NA,"",NA,"",NA,1977,"2002","","spatial extent is in square kilometers","""CMarZ (Census of Marine Zooplankton)-Asia Database"". Accessed through OBIS- SCAR-MarBIN. (Available at http://www.scarmarbin.be, accessed 2012).",NA,NA,NA,NA,NA,NA
162,"Y","N",NA,"",NA,"Public","http://gcmd.gsfc.nasa.gov/KeywordSearch/Metadata.do?Portal=GCMD&MetadataType=0&MetadataView=Full&KeywordPath=&EntryId=[GCMD]epa_emap","Marine","Tropical/Temperate","Benthos","Benthos","",39.436501,-113.877,0,0.1,"m2",NA,"",NA,"grabs","some grabs are 0.04 m2","4871568","",1,"year",1,"year",NA,1990,"2004","","spatial extent is in square kilometers","""EPA'S EMAP Database"". U.S. Environmental Protection Agency through its Environmental Monitoring and Assessment Program (EMAP). (Available at http://www.iobis.org, accessed 2012).",NA,NA,NA,NA,NA,NA
163,"Y","N",NA,"",NA,"Public","http://seamap.env.duke.edu/dataset/103150067","Marine","Temperate","Benthos","Mainly benthos","",30.860001,0,0,400,"km2",NA,"",NA,"grid"," FILL","6794596","",1,"year",1,"year",NA,1993,"2004","","spatial extent is in square kilometers","""The Observer Program database"", accessed through the OBIS-USA North Pacific Groundfish Observer (North Pacific Research Board). (Available at http://www.iobis.org, accessed 2012). ",NA,NA,NA,NA,NA,NA
164,"Y","Y",NA,"",NA,"Public","http://gcmd.gsfc.nasa.gov/KeywordSearch/Metadata.do?Portal=GCMD&MetadataType=0&MetadataView=Full&KeywordPath=&EntryId=[GCMD]SERC_MIRL_NASMIS","Marine","Temperate","Benthos","Sessile Invertebrate","",43.276317,-106.99213,0,NA,"",NA,"",NA,"","","5790445","",NA,"",NA,"",NA,2000,"2005","","spatial extent is in square kilometers","G. M. Ruiz, P. W. Fofonoff, B. Steves, T. Huber, K. Larson, L. McCann, N. G. Hitchcock, A. H. Hines, J. T. Carlton, ""North American Sessile Marine Invertebrate Survey"" (2005). (Available at http://www.iobis.org, accessed 2012).",NA,NA,NA,NA,NA,NA
166,"Y","N",NA,"",NA,"Public","http://seamap.env.duke.edu/datasets/detail/280","Marine","Global","Bird","Pelagic seabirds","",27.316651,-65.499998,0,NA,"",NA,"",NA,"","","114454343","",1,"year",1,"year",NA,1965,"1992","","spatial extent is in square kilometers","P. N. Halpin, A. J. Read, E. Fujioka, B. D. Best, B. Donnelly, L. J. Hazen, C. Kot, K. Urian, E. LaBrecque, A. Dimatteo, J. Cleary, C. Good, L. B. Crowder, K. D. Hyrenbach, OBIS-SEAMAP: The world data center for marine mammal, sea bird, and sea turtle distributions. Oceanography 22, 2(2009).","R. G. B. Brown, D.N. Nettleship, P. Germain, C.E. Tull, T. Davis, Atlas of eastern Canadian seabirds. Canadian Wildlife Service, Ottawa. (1975)","A. W. Diamond, A. J. Gaston, R. G. B. Brown, Converting PIROP counts of seabirds at sea to absolute densities. Progress Notes. No. 164. 21 pp. (1986).","F. Huettmann, An ecological GIS research application for the northern Atlantic - The PIROP database software, environmental data sets and the role of the internet/WWW. W.-F. Riekert and K. Tochtermann (Eds.) Hypermedia im Umweltschutz Proceedings of Deutsche Gesellschaft f?r Informatik (GI) and Forschungsinstitut f?r anwendungsorientierte Wissensverarbeitung (FAW) Ulm. Umwelt-Informatik aktuell; Bd.17, Metropolis Verlag. 213-217 (1998).","""PIROP Northwest Atlantic 1965-1992 - OBIS SEAMAP"". (Available at http://www.iobis.org, accessed 2012).","A. J. Read, P. N. Halpin, L. B. Crowder, B. D. Best, E. Fujioka (Editors) ""OBIS-SEAMAP: mapping marine mammals, birds and turtles"" (2011). (Available at http://seamap.env.duke.edu, accessed 2012). ",NA
169,"Y","N",NA,"",NA,"Public","http://seamap.env.duke.edu/dataset/507","Marine","Temperate","Bird","Mostly seabirds and some marine mammals","",34.931726,-121.85437,0,3,"km",NA,"",NA,"bins","","784953","",1,"year",1,"year",NA,1987,"2006","","spatial extent is in square kilometers","P. Yen, W. Sydeman, S. Bograd, K. Hyrenbach, Spring-time distributions of migratory marine birds in the southern California Current: Oceanic eddy associations and coastal habitat hotspots over 17 years. Deep Sea Research Part II: Topical Studies in Oceanography 53, 399 (2006).","J. Jahncke, C. Rintoul, ""CalCOFI and NMFS Seabird and Marine Mammal Observation Data, 1987-2006"". California Cooperative Oceanic Fisheries Investigations (CalCOFI) and National Marine Fisheries Service (NMFS) cruises, 1987-2006 - OBIS SEAMAP (2006). (Available at http://www.iobis.org, accessed 2012).","C. Rintoul, B. Schlagenhauf-Langabeer, K. D. Hyrenbach, K. H. Morgan, W. J. Sydeman, Atlas of California Current Marine Birds and Mammals: Version 1. Unpublished report, PRBO Conservation Science, Petaluma, California (2006).","P. P. Yen, W. J. Sydeman, K. D. Hyrenbach, Marine bird and cetacean associations with bathymetric habitats and shallow-water topographies: implications for trophic transfer and conservation. Journal of Marine Systems 50, 79 (2004).","A. J. Read, P. N. Halpin, L. B. Crowder, B. D. Best, E. Fujioka (Editors) ""OBIS-SEAMAP: mapping marine mammals, birds and turtles"" (2011). (Available at http://seamap.env.duke.edu, accessed 2012). ",NA,NA
171,"Y","Y",NA,"",NA,"Public","http://seamap.env.duke.edu/dataset/329","Marine","Tropical/Temperate","Mammals","Marine mammals and a few turtles","",24.571583,-75.936535,0,NA,"",NA,"",NA,"","","106190","",NA,"",NA,"",NA,1988,"2000","","spatial extent is in square kilometers","""Bahamas Marine Mammal Research Organisation Opportunistic Sightings - OBIS SEAMAP"". (Available at http://www.iobis.org, accessed 2012).","A. J. Read, P. N. Halpin, L. B. Crowder, B. D. Best, E. Fujioka (Editors) ""OBIS-SEAMAP: mapping marine mammals, birds and turtles"" (2011). (Available at http://seamap.env.duke.edu, accessed 2012). ",NA,NA,NA,NA,NA
172,"Y","N",NA,"",NA,"Public","http://www.vliz.be/en/imis?module=dataset&dasid=2821","Marine","Temperate","All","Cetaceans, seabirds and turtles","",35.309266,-24.079175,0,NA,"",NA,"",NA,"","","1579112","",1,"year",1,"year",NA,1988,"2008","","spatial extent is in square kilometers","M. Machete, R. S. Santos, Azores Fisheries Observer Program (POPA): A case study of the multidisciplinary use of observer data.  Proceedings of the 5th International Fisheries Observer Conference, Victoria, Canada. T. A. McVea, S. J. Kennelly (Ed) 114-116 (2007).","T. Morato, D. A. Varkey, C. Damaso, M. Machete, M. Santos, R. Prieto, R. S. Santos, T. J. Pitcher, Evidence of a seamount effect on aggregating visitors. Marine Ecology Progress Series, 357: 23-32 (2008).","P. Amorim, M. Figueiredo, M. Machete, T. Morato, A. Martins, R. S. Santos, Spatial variability of seabird distribution associated with environmental factors: a case study of marine Important Bird Areas in the Azores. ICES Journal of Marine Science, 66: 29-40 (2009).","""POPA cetacean, seabird, and sea turtle sightings in the Azores area 1998-2009 - OBIS SEAMAP"". (Available at http://www.iobis.org, accessed 2012).","A. J. Read, P. N. Halpin, L. B. Crowder, B. D. Best, E. Fujioka (Editors) ""OBIS-SEAMAP: mapping marine mammals, birds and turtles"" (2011). (Available at http://seamap.env.duke.edu, accessed 2012). ",NA,NA
173,"Y","Y",NA,"",NA,"Public","http://gcmd.nasa.gov/KeywordSearch/Metadata.do?Portal=GCMD&KeywordPath=%5BPersonnel%3A+Last_Name%3D%27DATA+MANAGEMENT+OFFICE%27%5D&OrigMetadataNode=GCMD&EntryId=JAMSTEC_MARINE_BIOLOGICAL_SAMPLE_DATABASE&MetadataView=Full&MetadataType=0&lbnode=mdlb2","Marine","Tropical/Temperate","Invertebrate","Invertebrate","",5.0028992,124.3343,1,NA,"",NA,"",NA,"","","6059632","",1,"year",1,"year",NA,1996,"2012","Observational","spatial extent is in square kilometers","""Marine Biological Sample Database, JAMSTEC"" (OBIS_JAPAN). (Available at http://www.godac.jamstec.go.jp/bio-sample/index_e.html, accessed 2012).",NA,NA,NA,NA,NA,NA
176,"Y","N",NA,"",NA,"Public","http://gcmd.gsfc.nasa.gov/KeywordSearch/Metadata.do?Portal=GCMD&MetadataType=0&MetadataView=Full&KeywordPath=&EntryId=[GCMD]OBIS.AZMP-Maritimes","Marine","Temperate","Plankton","Phytoplankton and zooplankton","",44.555,-60.424999,0,NA,"",NA,"",NA,"","","945329","",NA,"",NA,"",NA,1998,"2010","","spatial extent is in square kilometers","M. K. Kennedy, J. A. Spry, ""Atlantic Zone Monitoring Program Maritimes Region plankton datasets"". In: Fisheries and Oceans Canada - BioChem archive. OBIS Canada, Bedford Institute of Oceanography, Dartmouth, Nova Scotia, Canada (2011). (Available at http://www.iobis.org, accessed 2012).",NA,NA,NA,NA,NA,NA
178,"Y","N",NA,"",NA,"Public","http://gcmd.nasa.gov/KeywordSearch/Metadata.do?Portal=caobis&MetadataType=0&KeywordPath=&MetadataView=Full&EntryId=OBIS.PACSHRIMP","Marine","Temperate","Fish","Mostly fish and some Invertebrate","",53.125599,-141.4296,0,NA,"",NA,"",NA,"","","652347","",1,"year",1,"year",NA,1963,"2007","","spatial extent is in square kilometers","J. A. Boutillier, ""Pacific Shrimp Trawl Survey"". In: ShrimpTrawl Bio database, Fisheries and Oceans Canada PBS Shellfish Data Unit. OBIS Canada Digital Collections, Bedford Institute of Oceanography, Dartmouth, Nova Scotia, Canada (2007). (Available at http://www.iobis.org, accessed 2012).",NA,NA,NA,NA,NA,NA
180,"Y","N",NA,"",NA,"Public","http://gcmd.gsfc.nasa.gov/KeywordSearch/Metadata.do?Portal=GCMD&MetadataType=0&MetadataView=Full&KeywordPath=&EntryId=[GCMD]obis.groundfish_atlas","Marine","Polar/Temperate","Fish","Groundfish","",37.434999,-46.375,0,NA,"",NA,"",NA,"","","7229693","",1,"year",1,"year",NA,1970,"1995","","spatial extent is in square kilometers","""East Coast North America Strategic Assessment Project, Groundfish Atlas for the East Coast of North America"". (Available at http://www.iobis.org, accessed 2012).",NA,NA,NA,NA,NA,NA
182,"Y","N",NA,"",NA,"Public","http://gcmd.gsfc.nasa.gov/KeywordSearch/Metadata.do?Portal=GCMD&MetadataType=0&MetadataView=Full&KeywordPath=&EntryId=[GCMD]OBIS.DFO_Gulf_SnowCrabSurveys","Marine","Temperate","All","Chromista, fish and Invertebrate","",47.389734,-62.87117,0,NA,"",NA,"",NA,"","","167455","",1,"year",1,"year",NA,1988,"2009","","spatial extent is in square kilometers","E. J. Wade, ""Snow crab research trawl survey database (Southern Gulf of St. Lawrence, Gulf region, Canada) from 1988 to 2010"". OBIS Canada, Bedford Institute of Oceanography, Dartmouth, Nova Scotia, Canada (2011). (Available at http://www.iobis.org, accessed 2012).",NA,NA,NA,NA,NA,NA
183,"Y","N",NA,"",NA,"Public","http://gcmd.gsfc.nasa.gov/KeywordSearch/Metadata.do?Portal=GCMD&MetadataType=0&MetadataView=Full&KeywordPath=&EntryId=[GCMD]obis.dfogfsdbinv","Marine","Temperate","Invertebrate","Invertebrate","",43.662792,-63.244329,0,NA,"",NA,"",NA,"","","621101","",NA,"",NA,"",NA,1999,"2011","","spatial extent is in square kilometers","J. M. Tremblay, B. Branton, ""DFO Maritimes Research Vessel Trawl Surveys Invertebrate"". OBIS Canada Digital Collections, Bedford Institute of Oceanography, Dartmouth, Nova Scotia, Canada (2007). (Available at http://www.iobis.org, accessed 2012).",NA,NA,NA,NA,NA,NA
184,"Y","N",NA,"",NA,"Public","http://ipt.iobis.org/obiscanada/resource.do?r=obis_dfo_cna_multispeciessurveys","Marine","Polar/Temperate","Invertebrate","Invertebrate and some fish","",67.408991,-67.826576,0,NA,"",NA,"",NA,"","","3561893","",NA,"",NA,"",NA,2006,"2010","","spatial extent is in square kilometers","T. Siferd, ""Central and Arctic Multi-Species Stock Assessment Surveys. OBIS Canada Digital Collections (2010)"". Bedford Institute of Oceanography, Dartmouth, Nova Scotia, Canada (OBIS Canada). (Available at http://www.iobis.org, accessed 2012).",NA,NA,NA,NA,NA,NA
187,"Y","N",NA,"",NA,"Public","https://data.noaa.gov/harvest/object/a845b522-6ef6-4ccc-93af-1c13b49a3782/html/original","Marine","Tropical/Temperate","Benthos","Benthos","",36.02781,-123.53286,0,NA,"",NA,"",NA,"","","2468879","",1,"year",1,"year",NA,1991,"2006","","spatial extent is in square kilometers","""National Benthos Infaunal Database (NBID)"", NOAA/NOS/NCCOS/CCEHBR/Coastal Ecology Program. NOAA's Ocean Service, National Centers for Coastal Ocean Science (NCCOS) (2003). (Available at https://data.noaa.gov/dataset/national-Benthos-infaunal-database-nbid, accessed 2012).",NA,NA,NA,NA,NA,NA
189,"Y","N",NA,"",NA,"Public","https://data.noaa.gov/harvest/object/4ca7c21b-c6d9-459e-92c7-2b78dc52b68b/html/original","Marine","Tropical","Fish","Fish","",18.308015,-64.746758,0,NA,"",NA,"",NA,"","","182","",1,"year",1,"year",NA,2001,"2010","","spatial extent is in square kilometers","""St. John, USVI Fish Assessment and Monitoring Data (2002 - Present)"", Silver Spring, MD Publisher: NOAAs Ocean Service, National Centers for Coastal Ocean Science (NCCOS). National Oceanic and Atmospheric Association (NOAA)-National Ocean Service (NOS)-National Centers for Coastal Ocean Science (NCCOS)-Center for Coastal Monitoring and Assessment (CCMA)-Biogeography Team (2007).  (Available at http://www.iobis.org, accessed 2012).",NA,NA,NA,NA,NA,NA
190,"Y","N",NA,"",NA,"Public","https://data.noaa.gov/harvest/object/9176625f-2fd0-4d50-999e-5f5c77c1de38/html/original","Marine","Tropical","Fish","Fish","",17.755365,-64.592091,0,NA,"",NA,"",NA,"","","126","",1,"year",1,"year",NA,2001,"2010","","spatial extent is in square kilometers","""St. Croix, USVI Fish Assessment and Monitoring Data (2002 - Present)"", Silver Spring, MDPublisher: NOAAs Ocean Service, National Centers for Coastal Ocean Science (NCCOS). National Oceanic and Atmospheric Association (NOAA)-National Ocean Service (NOS)-National Centers for Coastal Ocean Science (NCCOS)-Center for Coastal Monitoring and Assessment (CCMA)-Biogeography Team (2007).  (Available at http://www.iobis.org, accessed 2012).",NA,NA,NA,NA,NA,NA
191,"Y","N",NA,"",NA,"Public","http://idn.ceos.org/KeywordSearch/Metadata.do?Portal=idn_water&KeywordPath=%5BSensor_Name%3A+Short_Name%3D%27GRAB+SAMPLERS%27%5D&OrigMetadataNode=NOAA-NMMR&EntryId=WHOI_Benthic_Fauna&MetadataView=Full&MetadataType=0&lbnode=mdlb2","Marine","Temperate","Benthos","Benthos","",36.667,-65.533501,0,NA,"",NA,"",NA,"","","1789437","",NA,"",NA,"",NA,1956,"1989","","spatial extent is in square kilometers","""NEFSC Benthos Database (OBIS-USA)"", Northeast Fisheries Science Center, National Marine Fisheries Service, NOAA, U.S. Department of Commerce (2010). (Available at http://www.iobis.org, accessed 2012).",NA,NA,NA,NA,NA,NA
192,"N","N",2,"",NA,"Public","http://gcmd.nasa.gov/KeywordSearch/Metadata.do?Portal=amd_au&MetadataView=Full&MetadataType=0&KeywordPath=&OrigMetadataNode=AADC&EntryId=IWC_Whale_catch","Marine","Polar/Temperate","Mammals","Whales","",-62.5,80,0,NA,"",NA,"",NA,"","","12743839","",NA,"",NA,"",NA,1932,"1980","","spatial extent is in square kilometers","""Whale Catches in Southern Ocean"", OBIS - Australian Antarctic Data Centre. (Available at http://www.iobis.org, accessed 2013).",NA,NA,NA,NA,NA,NA
196,"Y","N",NA,"",NA,"Public","","Marine","Temperate","Benthos","Benthos and Invertebrate","Scotland",60.47139,-1.35133,0,NA,"",NA,"",NA,"","","","",1,"year",1,"year",NA,1976,"2012","","","J. J. Moore, C. M. Howson, ﾋﾨﾫﾋﾨﾫ_Survey of the rocky shores in the region of Sullom Voe, Shetland, A report to SOTEAG from Aquatic Survey & Monitoring Ltdﾋﾨﾫﾋﾨﾫ_, Cosheston, Pembrokeshire. 29 pp.(Available at http://www.soteag.org.uk, accessed 2013).","","","","","",NA
197,"Y","N",NA,"",NA,"Public","http://geo.ices.dk/geonetwork/srv/en/main.home?uuid=a38fb537-0ec4-40bb-a3de-750b5dd3829a","Marine","Temperate","Fish","Fish","",56.75225,-6.9619,0,NA,"",NA,"",NA,"","","520796","",1,"year",1,"year",NA,1985,"2013","","spatial extent is in square kilometers","""Scottish West Coast Survey For Commercial Fish Species 1985-2013"". (Available at https://datras.ices.dk, accessed 2013).",NA,NA,NA,NA,NA,NA
198,"Y","N",NA,"",NA,"Public","http://geo.ices.dk/geonetwork/srv/en/main.home?uuid=0c3e6329-b521-49e8-94a0-506e2087d551","Marine","Temperate","Fish","Fish","",56.349,17.045,0,NA,"",NA,"",NA,"","","648610","",1,"year",1,"year",NA,1991,"2013","","spatial extent is in square kilometers","""ICES Baltic International Trawl Survey For Commercial Fish Species (1991 - 2013)"". (Available at https://datras.ices.dk, accessed 2013).",NA,NA,NA,NA,NA,NA
200,"Y","Y",NA,"",NA,"Public","http://idn.ceos.org/KeywordSearch/Metadata.do?Portal=idn_water&KeywordPath=%5BSensor_Name%3A+Short_Name%3D%27GRAB+SAMPLERS%27%5D&OrigMetadataNode=NOAA-NMMR&EntryId=WHOI_Benthic_Fauna&MetadataView=Full&MetadataType=0&lbnode=mdlb2","Marine","Temperate","Benthos","Benthos","",36.667,-65.533501,NA,NA,"",NA,"",NA,"","","1789437","",NA,"",NA,"",NA,1900,"1978","","spatial extent is in square kilometers","""NEFSC Benthos Database (OBIS-USA)"", Northeast Fisheries Science Center, National Marine Fisheries Service, NOAA, U.S. Department of Commerce (2010). (Available at http://www.iobis.org, accessed 2012).",NA,NA,NA,NA,NA,NA
201,"N","N",1,"Long Term Monitoring of Kelp Forest ","","","","Marine","Temperate","Fish","Fish","Channel Islands, CA",NA,NA,NA,NA,"",NA,"",NA,"","","","",NA,"",NA,"",NA,NA,"","","Sites also include other sites along Pacific Coast (e.g. Pt. Lobos)","PISCO","","","","","",NA
202,"N","N",1,"Long Term Monitoring of Kelp Forest Fish: larvae","","","","Marine","Temperate","Fish","Fish","Channel Islands, CA",NA,NA,NA,NA,"",NA,"",NA,"","","","",NA,"",NA,"",NA,NA,"","","","Casel+Z70:Z112le et al. 2010 Bulletin of Marine Sciences","","","","","",NA
203,"N","N",2,"California Cooperative Fisheries Institute (CALCOFI) ","","","","Marine","Temperate","Plankton","Plankton","",NA,NA,NA,NA,"",NA,"",NA,"","","","",NA,"",NA,"",NA,NA,"","","Dataset goes back to the 1950s, demonstrates strong ENSO effect","","","","","","",NA
204,"N","N",1,"NC Dept of Marine Fisheries Fish Seine Survey (Red drum?)","","","","Marine","Temperate","Fish","Fish","Coastal NC",NA,NA,NA,NA,"",NA,"",NA,"","","","",NA,"",NA,"",NA,1982,"2013","","6 regions of NC coast","","","","","","",NA
205,"N","N",1,"Beaufort Bridge Net larval Fish sampling","","","","Marine","Temperate","Fish","Fish","",NA,NA,NA,NA,"",NA,"",NA,"","","","",NA,"",NA,"",NA,1986,"present","","poster at ECU showed flattish temporal occupancy distribution","","contact: Todd Ellison","","","","",NA
206,"N","N",2,"Gotelli Long-term Fish dataset","","","","Aquatic","Temperate","Fish","Fish","",NA,NA,NA,NA,"",NA,"",NA,"","","","",NA,"",NA,"",NA,NA,"","","Fish data is from Grossman et al 1982, insects from KBS LTER","Gotelli et al 2010.pdf","","","","","",NA
207,"N","N",2,"","","","","Terrestrial","Polar","Plant","Plant","Arctic LTER, AK",NA,NA,NA,NA,"",NA,"",NA,"","","","",NA,"",NA,"",NA,NA,"","","20 years of data. Soil data available","Shaver and Chapin 1991","","","","","",NA
208,"Y","Y",NA,"Insect Populations via Sticky Traps at KBS-LTER",NA,"Public","http://lter.kbs.msu.edu/datatables/67","Terrestrial","Temperate","Arthropod","Insect","Kellogg Biological Station, MI",NA,NA,1,NA,"",NA,"",NA,"","","Local","",1,"week",NA,"",NA,1989,"2013","Experimental","These data are used in Gotelli et al. 2010; see spatial layout of plots in Robertson & Hamilton 2015","Landis and Gage 2014","","","","","",NA
209,"N","N",2,"","","","","Terrestrial","Temperate","Plant","Plant","Carpinteria salt marsh, CA",NA,NA,NA,NA,"",NA,"",NA,"","","","",NA,"",NA,"",NA,NA,"","","7 years of data. No soil data available","Cleland et al. 2008","","","","","",NA
210,"Y","Y",NA,"","","","","Terrestrial","Temperate","Plant","Plant","Cedar Creek LTER, MN",NA,NA,1,NA,"",NA,"",NA,"","","","",1,"year",1,"year",NA,1982,"2011","","30 years of data. Soil data available. Reminder! This is an experiment, likely only the control will be useful.","Tilman 1987","","","","","",NA
211,"N","N",2,"","","","","Terrestrial","Temperate","Plant","Plant","Central Plains Exptl Range, CO",NA,NA,NA,NA,"",NA,"",NA,"","","","",NA,"",NA,"",NA,NA,"","","14 years of data. No soil data available","Chu et al. 2013","","","","","",NA
212,"N","N",2,"","","","","Terrestrial","Temperate","Plant","Plant","Channel Islands, CA",NA,NA,NA,NA,"",NA,"",NA,"","","","",NA,"",NA,"",NA,NA,"","","17 years of data. No soil data available","Johnson & Rodriguez 2001","","","","","",NA
213,"Y","N",NA,"Long-term mapped quadrats from Kansas prairie: demographic information for herbaceaous Plant. Ecology 88:2673.","EA_adler2007","Public","http://esapubs.org/archive/ecol/E088/161/","Terrestrial","Temperate","Plant","herbaceous","Fort Hays, KS",38.8,-99.3,NA,1,"m2",NA,"",NA,"stations","","Local","",1,"year",1,"year",NA,1932,"1972","Observational","No soil data available","Adler et al. 2007","","","","","",NA
214,"N","N",2,"","","","","Terrestrial","Temperate","Plant","Plant","Jasper Ridge, CA",NA,NA,NA,NA,"",NA,"",NA,"","","","",NA,"",NA,"",NA,NA,"","","8 years of data. Soil data available","Zavaleta et al. 2003","","","","","",NA
215,"N","N",2,"","","","","Terrestrial","Temperate","Plant","Plant","Jornada LTER, NM",NA,NA,NA,NA,"",NA,"",NA,"","","","",NA,"",NA,"",NA,NA,"","","32 years of data. No soil data available","Nelson 1934, Huenneke et al. 2001","","","","","",NA
216,"N","N",2,"","","","","Terrestrial","Temperate","Plant","Plant","Kellogg Biological Station, MI",NA,NA,NA,NA,"",NA,"",NA,"","","","",NA,"",NA,"",NA,NA,"","","23 years of data. Soil data available","Huberty et al. 1998","","","","","",NA
217,"N","N",2,"","","","","Terrestrial","Temperate","Plant","Plant","Konza Prairie LTER, KS",NA,NA,NA,NA,"",NA,"",NA,"","","","",NA,"",NA,"",NA,NA,"","","25 years of data. Soil data available","Gibson & Hulbert 1987","","","","","",NA
218,"N","N",2,"","","","","Terrestrial","Temperate","Plant","Plant","Lac Croche, Quebec",NA,NA,NA,NA,"",NA,"",NA,"","","","",NA,"",NA,"",NA,NA,"","","9 years of data. Soil data available","Paquette et al. 2007","","","","","",NA
219,"N","N",2,"","","","","Terrestrial","Temperate","Plant","Plant","McLaughlin Reserve, CA",NA,NA,NA,NA,"",NA,"",NA,"","","","",NA,"",NA,"",NA,NA,"","","10 years of data. Soil data available","Elmendorf & Harrison 2011","","","","","",NA
220,"N","N",2,"","","","","Terrestrial","Temperate","Plant","Plant","Niwot Ridge LTER, CO",NA,NA,NA,NA,"",NA,"",NA,"","","","",NA,"",NA,"",NA,NA,"","","11 years of data. Soil data available","Theodose & Bowman 1997","","","","","",NA
221,"N","N",2,"Portal Plants, summer","","","http://esapubs.org/archive/ecol/E090/118/metadata.htm","Terrestrial","Temperate","Plant","Plant","Portal, AZ",NA,NA,NA,NA,"",NA,"",NA,"","","","",NA,"",NA,"",NA,1977,"present","","30 years of data. No soil data available","Ernest et al. 2009","","","","","",NA
222,"N","N",2,"","","","","Terrestrial","Temperate","Plant","Plant","Sagebrush Steppe, ID",NA,NA,NA,NA,"",NA,"",NA,"","","","",NA,"",NA,"",NA,NA,"","","35 years of data. No soil data available","Zachmann et al. 2010","","","","","",NA
223,"Y","Y",NA,"Small Mammal Exclosure Study (SMES) Vegetation Data from the Chihuahuan Desert Grassland and Shrubland at the Sevilleta National Wildlife Refuge, New Mexico (2006-2009)","EA_lightfoot2011","Public","","Terrestrial","Temperate","Plant","Plant","Sevilleta LTER, NM",NA,NA,1,NA,"",NA,"",NA,"","","Local","",0.25,"year",NA,"",NA,1995,"2009","Experimental","14 years of data. Soil data available","Baez et al. 2006","","","","","",NA
224,"N","N",2,"One hundred and six years of population and community dynamics of Sonoran Desert Laboratory perennials. Ecology 94:976. http://dx.doi.org/10.1890/12-1164.1","","Public","http://esapubs.org/archive/ecol/E094/083/","Terrestrial","Temperate","Plant","Plant","Sonoran Desert, AZ",NA,NA,NA,NA,"",NA,"",NA,"","","Local","",NA,"irregular",NA,"",NA,1906,"2012","","Seems like a lot of years, but the sampling was pretty irregular. I'm not entirely sure this will be useful, or at the very least easy to work with (as it appears most of the occurrence info is in map form).","Rodriguez-Buritica et al. 2013","","","","","",NA
225,"Y","N",NA,"","","","","Terrestrial","Temperate","Plant","Plant","Tall Grass Prairie Preserve, OK",NA,NA,NA,NA,"",NA,"",NA,"","","","",1,"year",NA,"",NA,NA,"","","12 years of data. Soil data available","McGlinn et al. 2010","","","","","",NA
226,"Y","Y",NA,"Eastern Wood Breeding Bird Data",NA,"Public","http://www.Planta.cn/forum/files_Planta/macroecology_214.pdf","Terrestrial","Temperate","Bird","Bird","Eastern Wood, Surrey, Great Britain",51.297,-0.38,NA,NA,"",NA,"",NA,"","","","",1,"year",NA,"",NA,1949,"1979","Observational","Source is a PDF of a book (Gaston and Blackburn 2000, Pattern and Process in Macroecology), see page 357 of print version, page 370 of PDF","Beven 1976, Williamson 1989","","","","","",NA
227,"N","N",1,"Breeding Bird Survey","","Public","","Terrestrial","Temperate","Bird","Bird","",NA,NA,NA,NA,"",NA,"",NA,"","","","",NA,"",NA,"",NA,NA,"","","20+ years","","","","","","",NA
228,"Y","Y",NA,"Hubbard Brook LTER",NA,"Public","","Terrestrial","Temperate","Bird","Bird","Hubbard Brook LTER New Hampshire",43.95,-71.745,NA,10,"ha",NA,"",NA,"","","Local","",1,"year",NA,"",NA,1969,"2010","Observational","14-35 years","count","Holmes, RT, S Sillet, N Rodenhouse, FW Sturges, TW Sherry. 012. Bird Abundances at Hubbard Brook (1969-2010) and on three replicate plots (1986-2000) in the White Mountain National Forest. Durham, NH. Hubbard Brook Data Archive [Database]. http://hubbardbrook.org/data/dataset.php?id=81 (1 Oct 2014) Mountain National Forest","","","","",NA
229,"N","N",1,"Christmas Bird Count","","Upon request","","Terrestrial","Temperate","Bird","Bird","",NA,NA,NA,NA,"",NA,"",NA,"","","","",NA,"",NA,"",NA,NA,"","","20+ years","","","","","","",NA
230,"N","N",1,"Ammarnas","","Public","","Terrestrial","","Bird","Bird","",NA,NA,NA,NA,"",NA,"",NA,"","","","",NA,"",NA,"",NA,NA,"","","20 years","Enemar et al 1984","","","","","",NA
231,"N","N",3,"Konza LTER","","Public","","Terrestrial","Temperate","Mammal","Mammal","",NA,NA,NA,NA,"",NA,"",NA,"","","","",NA,"",NA,"",NA,NA,"","","16 years","","","","","","",NA
232,"Y","Y",NA,"Sevilleta LTER mammals","","Public","","Terrestrial","Temperate","Mammal","Mammal","",NA,NA,NA,NA,"",NA,"",NA,"","","","",NA,"",NA,"",NA,NA,"","","10-20 years"," Ernest et al. 2000","","","","","",NA
233,"N","N",0,"Lake Manyara Megaherbivores","","Public","http://www.jstor.org/stable/4219351?seq=1#page_scan_tab_contents","Terrestrial","Temperate","Mammal","Mammal","Lake Manyara National Park, Tanzania",3.5,35.75,0,100,"km2",100,"km2",NA,"counts","","100","km2",NA,"",NA,"",NA,NA,"","","25 years"," Prins and Douglas-Hamilton 1990","","","","","",NA
234,"Y","Y",NA,"Powdermill","","Public","http://ecologicaldata.org/wiki/powdermill-biological-station-small-mammal-database","Terrestrial","Temperate","Mammal","Mammal","Powdermill Biological Station, Pennsylvania, USA",40.17074,-79.26017761,NA,10,"m",NA,"",NA,"","","1 ha","",0.5,"month",0.25,"year",NA,1979,"1999","","20+ years","Merritt J. 1999. Long Term Mammal Data from Powdermill Biological Station 1979-1999 knb-lter-vcr.67.17 (http://tropical.lternet.edu/knb/metacat/knb-lter-vcr.67.17/lter)","","","","","",NA
235,"N","N",2,"Plant and small-Mammal responses to large-herbivore exclusion in an African savanna: five years of the UHURU experiment. Ecology 95:787.","","Public","http://esapubs.org/archive/ecol/E095/064/","Terrestrial","Tropical","Plant","Plant","Mpala research center, Kenya",NA,NA,NA,NA,"",NA,"",NA,"","","Local","",1,"year",NA,"",NA,1998,"2013","Experimental","Mammal exclosure experiment","Kartzinel et al. 2014","","","","","",NA
236,"Y","Y",NA,"Long-term monitoring of Mammals in the face of biotic and abiotic influences at a semiarid site in north-central Chile. Ecology 94:977.","","Public","http://esapubs.org/archive/ecol/E094/084/metadata.php","Terrestrial","Temperate","Mammal","Mammal","Bosque Fray Jorge National Park, Chile",NA,NA,NA,NA,"",NA,"",NA,"","","Local","",1,"month",NA,"",NA,1989,"2005","Experimental","Small-Mammal data collected with predator exclosure study. May show ENSO effect","Kelt et al. 2013","","","","","",NA
237,"Y","Y",3,"Long-term monitoring of Mammals in the face of biotic and abiotic influences at a semiarid site in north-central Chile. Ecology 94:977. shrub and herbaceous Plant.","","Public","http://esapubs.org/archive/ecol/E094/084/metadata.php","Terrestrial","Temperate","Plant","Plant","Bosque Fray Jorge National Park, Chile",NA,NA,NA,NA,"",NA,"",NA,"","","Local","",1,"month",NA,"",NA,1989,"2005","Experimental","Plant data collected with predator exclosure study. I used the annuals dataset. May show ENSO effect","Kelt et al. 2013","","","","","",NA
238,"Y","Y",NA,"Long-term monitoring of Mammals in the face of biotic and abiotic influences at a semiarid site in north-central Chile. Ecology 94:977. shrub and herbaceous Plant.","","Public","http://esapubs.org/archive/ecol/E094/084/metadata.php","Terrestrial","Temperate","Plant","Plant","Bosque Fray Jorge National Park, Chile",NA,NA,1,NA,"",NA,"",NA,"","","Local","",0.33,"year",NA,"",NA,1989,"2002","Experimental","Seed data collected with predator exclosure study. I used the annuals dataset. May show ENSO effect.  Date listed as first of each month, but data only provided month; first of month added to allow for date object format.","Kelt et al. 2013","","","","","",NA
239,"Y","N",NA,"Marine microPlankton diversity database","","Public","http://esapubs.org/archive/ecol/E094/149/","Marine","Global","Plankton","Plankton","Predominantly North and South Atlantic",NA,NA,NA,NA,"",NA,"",NA,"","","Global","",NA,"",NA,"",NA,1992,"2002","","","Sal et al. 2013","","","","","",NA
240,"N","N",0,"Antarctic breeding Bird survey","","Public","http://esapubs.org/archive/ecol/E094/243/","Marine","Polar","Bird","Bird","Antarctica",NA,NA,NA,NA,"",NA,"",NA,"","","","",NA,"",NA,"",NA,1994,"2013","Observational","This may not be that useful because there are only 7 species present.","Lynch et al. 2013","","","","","",NA
241,"Y","Y",NA,"A multi-decade time series of kelp forest community structure at San Nicolas Island, California (USA). Ecology 94:2654.","EA_kenner2013","Public","http://esapubs.org/archive/ecol/E094/244/#data","Marine","Temperate","Benthos","Benthos","San Nicolas Island",NA,NA,NA,NA,"",NA,"",NA,"","","Local","",0.5,"year",1,"year",NA,1980,"2011","Observational","Includes a big ENSO event and reintroduction of sea otters","Kenner et al. 2013","","","","","",NA
242,"Y","Y",NA,"A multi-decade time series of kelp forest community structure at San Nicolas Island, California (USA). Ecology 94:2654.","EA_kenner2013","Public","http://esapubs.org/archive/ecol/E094/244/#data","Marine","Temperate","Fish","Fish","San Nicolas Island",NA,NA,NA,NA,"",NA,"",NA,"","","Local","",0.5,"year",1,"year",NA,1980,"2011","Observational","Benthos Fish. Includes a big ENSO event and reintroduction of sea otters. Dataset 243 is from the same site, but higher up in the water column.","Kenner et al. 2013","","","","","",NA
243,"Y","Y",NA,"A multi-decade time series of kelp forest community structure at San Nicolas Island, California (USA). Ecology 94:2654.","EA_kenner2013","Public","http://esapubs.org/archive/ecol/E094/244/#data","Marine","Temperate","Fish","Fish","San Nicolas Island",NA,NA,NA,NA,"",NA,"",NA,"","","Local","",0.5,"year",1,"year",NA,1980,"2011","Observational","This is the mid-water Fish for the Kenner study, likely should not be considered independent of Dataset 242, which is at the same site but lower in the water column. ","Kenner et al. 2013","","","","","",NA
244,"Y","Y",NA," A multi-decade time series of kelp forest community structure at the California Channel Islands. Ecology 94:2655.","EA_kushner2013","Public","http://esapubs.org/archive/ecol/E094/245/","Marine","Temperate","Benthos","Benthos","California Channel Islands",NA,NA,NA,NA,"",NA,"",NA,"","","Local","",NA,"",NA,"",NA,1982,"2011","Observational","","Kushner et al. 2013","","","","","",NA
245,"N","N",1,"A multi-decade time series of kelp forest community structure at the California Channel Islands. Ecology 94:2655.","EA_kushner2013","Public","http://esapubs.org/archive/ecol/E094/245/","Marine","Temperate","Fish","Fish","California Channel Islands",NA,NA,NA,NA,"",NA,"",NA,"","","Local","",NA,"",NA,"",NA,1982,"2011","Observational","Transect count","Kushner et al. 2013","","","","","",NA
246,"Y","Y",NA,"A multi-decade time series of kelp forest community structure at the California Channel Islands. Ecology 94:2655.","EA_kushner2013","Public","http://esapubs.org/archive/ecol/E094/245/","Marine","Temperate","Fish","Fish","California Channel Islands",NA,NA,NA,NA,"",NA,"",NA,"","","Local","",NA,"",NA,"",NA,1982,"2011","Observational","Roving Fish count. Likely should not be considered independent of COM02S","Kushner et al. 2013","","","","","",NA
247,"N","N",3,"Mosquitoes of North America with emphasis in the midwestern United States: long-term occurrence patterns. Ecology 94:1433.","","Public","http://esapubs.org/archive/ecol/E094/126/","Terrestrial","Temperate","Arthropod","Insect","North America",NA,NA,NA,NA,"",NA,"",NA,"","","Continental","",NA,"irregular",NA,"",NA,1969,"2009","Observational","Mosquitoes! There are a lot of records, but much of these data will likely not be usable .","Hellmann et al. 2013","","","","","",NA
248,"N","N",1,"SBC LTER: Reef: Kelp Forest Community Dynamics: Fish abundance","EA_reed2012","Public","https://portal.lternet.edu/nis/mapbrowse?packageid=knb-lter-sbc.17.27","Marine","Temperate","Fish","Fish","Santa Barbara coast and Channel Islands",NA,NA,NA,NA,"",NA,"",NA,"","","Local","",1,"year",1,"year",NA,2000,"2012","Observational","","Reed 2013","","","","","",NA
249,"Y","Y",NA,"North Temperate Lakes LTER: Fish Abundance 1981-current","EA_NTL2012","Public","https://portal.lternet.edu/nis/mapbrowse?packageid=knb-lter-ntl.7.10","Aquatic","Temperate","Fish","Fish","North Temperate Lake LTER",NA,NA,NA,NA,"",NA,"",NA,"","","Local","",0.5,"year",1,"year",NA,1981,"2012","Observational","","NTL LTER 2012","","","","","",NA
250,"Y","Y",NA,"Stream fish assemblage stability in a southern Appalachian stream at the Coweeta Hydrologic Laboratory from 1984 to 1995","EA_grossman2007","Public","https://portal.lternet.edu/nis/mapbrowse?packageid=knb-lter-cwt.3047.13","Aquatic","Temperate","Fish","Fish","Coweeta Long Term Ecological Research Program, NC",NA,NA,NA,NA,"",NA,"",NA,"","","Local","",0.5,"month",NA,"",NA,1984,"1995","Observational","","Coweeta LTER 2007","","","","","",NA
251,"Y","N",NA,"Antarctica seabird census","EA_fraser2014","Public","https://portal.lternet.edu/nis/mapbrowse?packageid=knb-lter-pal.100.1","Marine","Polar","Bird","Bird","Antarctica",NA,NA,NA,NA,"",NA,"",NA,"","","Regional","",1,"year",1,"year",NA,1993,"2011","Observational","Counts from ships. Count data includes mammal observations.","","","","","","",NA
252,"Y","Y",NA,"Sevilleta LTER arthropod data","EA_lightfoot2010","Public","https://portal.lternet.edu/nis/mapbrowse?packageid=knb-lter-sev.29.175390","Terrestrial","Temperate","Arthropod","Arthropod","Sevilleta LTER, NM",34.331,-106.376,NA,NA,"",NA,"",NA,"","","Local","",0.5,"month",1,"year",NA,1992,"2004","Observational","One of the sites ends in 2001 (another starts up then but should be ignored)","Lightfoot et al. 2010","","","","","",NA
253,"Y","N",NA,"Kellogg LTER seed bank","","Public","http://lter.kbs.msu.edu/datatables/23","Terrestrial","Temperate","Plant","Seed","Michigan, USA",NA,NA,NA,NA,"",NA,"",NA,"","","","",NA,"",NA,"",NA,1992,"2002","","","","","","","","",NA
254,"","",NA,"Portal Rodents","Y","Public","http://esapubs.org/archive/ecol/E090/118/metadata.htm","Terrestrial","Temperate","Mammal","Rodents","Portal, AZ",NA,NA,NA,NA,"",NA,"",NA,"","","","",NA,"",NA,"",NA,NA,"","","","Ernest et al. ","","","","","",NA
255,"","",NA,"Hinkley Point fish","","Public","http://www.nature.com/nature/journal/v422/n6933/full/nature01547.html","Marine","Temperate","Fish","Fish","Hinkley Point, Bristol Channel, UK",NA,NA,NA,NA,"",NA,"",NA,"","","","",NA,"",NA,"",NA,NA,"","","","Magurran and Henderson 2003","","","","","",NA
256,"","",NA,"Elba island butterflies","","Public","","Terrestrial","Temperate","Arthropod","Butterflies","Elba island, Italy",NA,NA,NA,NA,"",NA,"",NA,"","","","",NA,"",NA,"",NA,NA,"","","","Dapporto 2009","","","","","",NA
257,"","",NA,"Ireland amphipods","","","http://www.sciencedirect.com/science/article/pii/0022098196000305","Marine","Temperate","Arthropod","Amphipods","Lough Hyne, Ireland",50.51666667,9.3,NA,NA,"",NA,"",NA,"","","","",1,"month",1,"month",NA,1984,"1985","","","Costello and Myers 1996","","","","","",NA
258,"Y","N",NA,"2003 Prescribed Burn Effect on Chihuahuan Desert Grasses and Shrubs at the Sevilleta National Wildlife Refuge, New Mexico: Species Composition Study (2004- ) ","","Public","http://sev.lternet.edu/data/sev-166","Terrestrial","Temperate","Plant","Plant","Sevilleta LTER, NM",NA,NA,NA,NA,"",NA,"",NA,"","","","",NA,"",NA,"",NA,NA,"","","","","","","","","",NA
259,"N","N",2,"Portal Plants, winter","","","http://esapubs.org/archive/ecol/E090/118/metadata.htm","Terrestrial","Temperate","Plant","Plant","Portal, AZ",NA,NA,NA,NA,"",NA,"",NA,"","","","",NA,"",NA,"",NA,NA,"","","","","","","","","",NA
260,"N","N",NA,"Mediterranean tintinnid ciliates","","","http://onlinelibrary.wiley.com/doi/10.1111/j.1365-2699.2008.02046.x/abstract","Marine","Temperate","Plankton","Tintinnid ciliates","Northwest Mediterranean",43.41666667,8,NA,NA,"",NA,"",NA,"","","","",1,"day",1,"day",NA,2004,"2004","Observational","","Dolan et al. 2009. Dynamics of core and occasional species in the marine plankton: tintinnid ciliates in the north-west Mediterranean Sea. Journal of Biogeography 36: 887-895.","","","","","",NA
