"datasetID","site","scale","n"
207,"Toolik",1,19
207,"Toolik_B1",2,17
207,"Toolik_B2",2,14
207,"Toolik_B3",2,15
207,"Toolik_B4",2,15
207,"Toolik_B1_Q1",3,8
207,"Toolik_B1_Q2",3,13
207,"Toolik_B1_Q3",3,11
207,"Toolik_B1_Q4",3,11
207,"Toolik_B1_Q5",3,15
207,"Toolik_B2_Q1",3,9
207,"Toolik_B2_Q2",3,10
207,"Toolik_B2_Q3",3,10
207,"Toolik_B2_Q4",3,10
207,"Toolik_B2_Q5",3,11
207,"Toolik_B3_Q1",3,10
207,"Toolik_B3_Q2",3,11
207,"Toolik_B3_Q3",3,9
207,"Toolik_B3_Q4",3,11
207,"Toolik_B3_Q5",3,11
207,"Toolik_B4_Q1",3,10
207,"Toolik_B4_Q2",3,10
207,"Toolik_B4_Q3",3,11
207,"Toolik_B4_Q4",3,11
207,"Toolik_B4_Q5",3,13
208,"maxgrain",1,21
208,"maxgrain_1",2,20
208,"maxgrain_2",2,18
208,"maxgrain_3",2,21
208,"maxgrain_4",2,13
208,"maxgrain_5",2,15
208,"maxgrain_6",2,13
208,"maxgrain_1_CF",3,14
208,"maxgrain_1_DF",3,9
208,"maxgrain_1_SF",3,15
208,"maxgrain_1_T1",3,13
208,"maxgrain_1_T2",3,10
208,"maxgrain_1_T3",3,14
208,"maxgrain_1_T4",3,9
208,"maxgrain_1_T5",3,15
208,"maxgrain_1_T6",3,14
208,"maxgrain_1_T7",3,17
208,"maxgrain_2_CF",3,13
208,"maxgrain_2_DF",3,11
208,"maxgrain_2_SF",3,10
208,"maxgrain_2_T1",3,13
208,"maxgrain_2_T2",3,11
208,"maxgrain_2_T3",3,14
208,"maxgrain_2_T4",3,11
208,"maxgrain_2_T5",3,17
208,"maxgrain_2_T6",3,13
208,"maxgrain_2_T7",3,16
208,"maxgrain_3_CF",3,11
208,"maxgrain_3_DF",3,13
208,"maxgrain_3_SF",3,12
208,"maxgrain_3_T1",3,14
208,"maxgrain_3_T2",3,13
208,"maxgrain_3_T3",3,15
208,"maxgrain_3_T4",3,12
208,"maxgrain_3_T5",3,15
208,"maxgrain_3_T6",3,14
208,"maxgrain_3_T7",3,17
208,"maxgrain_4_T1",3,14
208,"maxgrain_4_T2",3,11
208,"maxgrain_4_T4",3,13
208,"maxgrain_4_T5",3,17
208,"maxgrain_4_T6",3,14
208,"maxgrain_4_T7",3,17
208,"maxgrain_5_T1",3,14
208,"maxgrain_5_T2",3,14
208,"maxgrain_5_T3",3,14
208,"maxgrain_5_T4",3,15
208,"maxgrain_5_T5",3,15
208,"maxgrain_5_T6",3,13
208,"maxgrain_5_T7",3,19
208,"maxgrain_6_T1",3,14
208,"maxgrain_6_T2",3,12
208,"maxgrain_6_T3",3,14
208,"maxgrain_6_T4",3,15
208,"maxgrain_6_T5",3,18
208,"maxgrain_6_T6",3,14
208,"maxgrain_6_T7",3,16
208,"maxgrain_1_CF_1",4,11
208,"maxgrain_1_CF_2",4,9
208,"maxgrain_1_CF_3",4,8
208,"maxgrain_1_CF_5",4,11
208,"maxgrain_1_DF_1",4,9
208,"maxgrain_1_DF_4",4,7
208,"maxgrain_1_SF_1",4,9
208,"maxgrain_1_SF_2",4,12
208,"maxgrain_1_SF_3",4,11
208,"maxgrain_1_SF_4",4,11
208,"maxgrain_1_SF_5",4,11
208,"maxgrain_1_T1_1",4,12
208,"maxgrain_1_T1_2",4,13
208,"maxgrain_1_T1_3",4,11
208,"maxgrain_1_T1_4",4,10
208,"maxgrain_1_T1_5",4,11
208,"maxgrain_1_T2_1",4,13
208,"maxgrain_1_T2_2",4,14
208,"maxgrain_1_T2_3",4,10
208,"maxgrain_1_T2_4",4,13
208,"maxgrain_1_T2_5",4,11
208,"maxgrain_1_T3_1",4,14
208,"maxgrain_1_T3_2",4,14
208,"maxgrain_1_T3_3",4,14
208,"maxgrain_1_T3_4",4,13
208,"maxgrain_1_T3_5",4,13
208,"maxgrain_1_T4_1",4,15
208,"maxgrain_1_T4_2",4,14
208,"maxgrain_1_T4_3",4,12
208,"maxgrain_1_T4_4",4,13
208,"maxgrain_1_T4_5",4,12
208,"maxgrain_1_T5_1",4,14
208,"maxgrain_1_T5_2",4,13
208,"maxgrain_1_T5_3",4,14
208,"maxgrain_1_T5_4",4,15
208,"maxgrain_1_T5_5",4,13
208,"maxgrain_1_T6_1",4,14
208,"maxgrain_1_T6_2",4,11
208,"maxgrain_1_T6_3",4,9
208,"maxgrain_1_T6_4",4,13
208,"maxgrain_1_T6_5",4,11
208,"maxgrain_1_T7_1",4,15
208,"maxgrain_1_T7_2",4,12
208,"maxgrain_1_T7_3",4,15
208,"maxgrain_1_T7_4",4,13
208,"maxgrain_1_T7_5",4,16
208,"maxgrain_2_CF_1",4,12
208,"maxgrain_2_CF_2",4,5
208,"maxgrain_2_CF_3",4,9
208,"maxgrain_2_CF_4",4,10
208,"maxgrain_2_DF_2",4,11
208,"maxgrain_2_DF_3",4,8
208,"maxgrain_2_DF_4",4,10
208,"maxgrain_2_SF_1",4,10
208,"maxgrain_2_SF_3",4,9
208,"maxgrain_2_T1_1",4,11
208,"maxgrain_2_T1_2",4,12
208,"maxgrain_2_T1_3",4,13
208,"maxgrain_2_T1_4",4,15
208,"maxgrain_2_T1_5",4,14
208,"maxgrain_2_T2_1",4,11
208,"maxgrain_2_T2_2",4,9
208,"maxgrain_2_T2_3",4,10
208,"maxgrain_2_T2_4",4,12
208,"maxgrain_2_T2_5",4,11
208,"maxgrain_2_T3_1",4,12
208,"maxgrain_2_T3_2",4,12
208,"maxgrain_2_T3_3",4,10
208,"maxgrain_2_T3_4",4,13
208,"maxgrain_2_T3_5",4,12
208,"maxgrain_2_T4_1",4,11
208,"maxgrain_2_T4_2",4,11
208,"maxgrain_2_T4_3",4,11
208,"maxgrain_2_T4_4",4,11
208,"maxgrain_2_T4_5",4,14
208,"maxgrain_2_T5_1",4,12
208,"maxgrain_2_T5_2",4,11
208,"maxgrain_2_T5_3",4,9
208,"maxgrain_2_T5_4",4,11
208,"maxgrain_2_T5_5",4,13
208,"maxgrain_2_T6_1",4,12
208,"maxgrain_2_T6_2",4,12
208,"maxgrain_2_T6_3",4,11
208,"maxgrain_2_T6_4",4,11
208,"maxgrain_2_T6_5",4,13
208,"maxgrain_2_T7_1",4,15
208,"maxgrain_2_T7_2",4,14
208,"maxgrain_2_T7_3",4,15
208,"maxgrain_2_T7_4",4,13
208,"maxgrain_2_T7_5",4,14
208,"maxgrain_3_DF_1",4,8
208,"maxgrain_3_DF_3",4,6
208,"maxgrain_3_DF_5",4,7
208,"maxgrain_3_SF_1",4,10
208,"maxgrain_3_SF_2",4,9
208,"maxgrain_3_SF_3",4,7
208,"maxgrain_3_SF_5",4,8
208,"maxgrain_3_T1_1",4,14
208,"maxgrain_3_T1_2",4,14
208,"maxgrain_3_T1_3",4,12
208,"maxgrain_3_T1_4",4,16
208,"maxgrain_3_T1_5",4,12
208,"maxgrain_3_T2_1",4,12
208,"maxgrain_3_T2_2",4,11
208,"maxgrain_3_T2_3",4,12
208,"maxgrain_3_T2_4",4,11
208,"maxgrain_3_T2_5",4,14
208,"maxgrain_3_T3_1",4,15
208,"maxgrain_3_T3_2",4,13
208,"maxgrain_3_T3_3",4,14
208,"maxgrain_3_T3_4",4,12
208,"maxgrain_3_T3_5",4,14
208,"maxgrain_3_T4_1",4,11
208,"maxgrain_3_T4_2",4,13
208,"maxgrain_3_T4_3",4,13
208,"maxgrain_3_T4_4",4,10
208,"maxgrain_3_T4_5",4,13
208,"maxgrain_3_T5_1",4,12
208,"maxgrain_3_T5_2",4,12
208,"maxgrain_3_T5_3",4,13
208,"maxgrain_3_T5_4",4,11
208,"maxgrain_3_T5_5",4,14
208,"maxgrain_3_T6_1",4,12
208,"maxgrain_3_T6_2",4,13
208,"maxgrain_3_T6_3",4,10
208,"maxgrain_3_T6_4",4,13
208,"maxgrain_3_T6_5",4,10
208,"maxgrain_3_T7_1",4,14
208,"maxgrain_3_T7_2",4,14
208,"maxgrain_3_T7_3",4,15
208,"maxgrain_3_T7_4",4,14
208,"maxgrain_3_T7_5",4,15
208,"maxgrain_4_T1_1",4,11
208,"maxgrain_4_T1_2",4,13
208,"maxgrain_4_T1_3",4,12
208,"maxgrain_4_T1_4",4,11
208,"maxgrain_4_T1_5",4,12
208,"maxgrain_4_T2_1",4,14
208,"maxgrain_4_T2_2",4,11
208,"maxgrain_4_T2_3",4,13
208,"maxgrain_4_T2_4",4,11
208,"maxgrain_4_T2_5",4,12
208,"maxgrain_4_T3_1",4,12
208,"maxgrain_4_T3_2",4,12
208,"maxgrain_4_T3_3",4,10
208,"maxgrain_4_T3_4",4,11
208,"maxgrain_4_T3_5",4,9
208,"maxgrain_4_T4_1",4,13
208,"maxgrain_4_T4_2",4,13
208,"maxgrain_4_T4_3",4,16
208,"maxgrain_4_T4_4",4,12
208,"maxgrain_4_T4_5",4,15
208,"maxgrain_4_T5_1",4,16
208,"maxgrain_4_T5_2",4,14
208,"maxgrain_4_T5_3",4,12
208,"maxgrain_4_T5_4",4,14
208,"maxgrain_4_T5_5",4,14
208,"maxgrain_4_T6_1",4,10
208,"maxgrain_4_T6_2",4,12
208,"maxgrain_4_T6_3",4,11
208,"maxgrain_4_T6_4",4,12
208,"maxgrain_4_T6_5",4,12
208,"maxgrain_4_T7_1",4,15
208,"maxgrain_4_T7_2",4,15
208,"maxgrain_4_T7_3",4,14
208,"maxgrain_4_T7_4",4,13
208,"maxgrain_4_T7_5",4,16
208,"maxgrain_5_T1_1",4,13
208,"maxgrain_5_T1_2",4,13
208,"maxgrain_5_T1_3",4,11
208,"maxgrain_5_T1_4",4,13
208,"maxgrain_5_T1_5",4,11
208,"maxgrain_5_T2_1",4,12
208,"maxgrain_5_T2_2",4,13
208,"maxgrain_5_T2_3",4,11
208,"maxgrain_5_T2_4",4,10
208,"maxgrain_5_T2_5",4,11
208,"maxgrain_5_T3_1",4,9
208,"maxgrain_5_T3_2",4,14
208,"maxgrain_5_T3_3",4,14
208,"maxgrain_5_T3_4",4,13
208,"maxgrain_5_T3_5",4,9
208,"maxgrain_5_T4_1",4,13
208,"maxgrain_5_T4_2",4,12
208,"maxgrain_5_T4_3",4,13
208,"maxgrain_5_T4_4",4,10
208,"maxgrain_5_T4_5",4,11
208,"maxgrain_5_T5_1",4,11
208,"maxgrain_5_T5_2",4,14
208,"maxgrain_5_T5_3",4,15
208,"maxgrain_5_T5_4",4,13
208,"maxgrain_5_T5_5",4,11
208,"maxgrain_5_T6_1",4,11
208,"maxgrain_5_T6_2",4,9
208,"maxgrain_5_T6_3",4,12
208,"maxgrain_5_T6_4",4,11
208,"maxgrain_5_T6_5",4,11
208,"maxgrain_5_T7_1",4,16
208,"maxgrain_5_T7_2",4,15
208,"maxgrain_5_T7_3",4,14
208,"maxgrain_5_T7_4",4,16
208,"maxgrain_5_T7_5",4,15
208,"maxgrain_6_T1_1",4,11
208,"maxgrain_6_T1_2",4,13
208,"maxgrain_6_T1_3",4,13
208,"maxgrain_6_T1_4",4,12
208,"maxgrain_6_T1_5",4,13
208,"maxgrain_6_T2_1",4,11
208,"maxgrain_6_T2_2",4,11
208,"maxgrain_6_T2_3",4,12
208,"maxgrain_6_T2_4",4,11
208,"maxgrain_6_T2_5",4,11
208,"maxgrain_6_T3_1",4,12
208,"maxgrain_6_T3_2",4,13
208,"maxgrain_6_T3_3",4,12
208,"maxgrain_6_T3_4",4,12
208,"maxgrain_6_T3_5",4,10
208,"maxgrain_6_T4_1",4,12
208,"maxgrain_6_T4_2",4,12
208,"maxgrain_6_T4_3",4,12
208,"maxgrain_6_T4_4",4,10
208,"maxgrain_6_T4_5",4,12
208,"maxgrain_6_T5_1",4,11
208,"maxgrain_6_T5_2",4,11
208,"maxgrain_6_T5_3",4,11
208,"maxgrain_6_T5_4",4,12
208,"maxgrain_6_T5_5",4,13
208,"maxgrain_6_T6_1",4,10
208,"maxgrain_6_T6_2",4,14
208,"maxgrain_6_T6_3",4,10
208,"maxgrain_6_T6_4",4,9
208,"maxgrain_6_T6_5",4,9
208,"maxgrain_6_T7_1",4,12
208,"maxgrain_6_T7_2",4,15
208,"maxgrain_6_T7_3",4,13
208,"maxgrain_6_T7_4",4,13
208,"maxgrain_6_T7_5",4,14
210,"maxgrain",1,135
210,"maxgrain_A",2,91
210,"maxgrain_B",2,93
210,"maxgrain_C",2,110
210,"maxgrain_A_1",3,34
210,"maxgrain_A_10",3,33
210,"maxgrain_A_11",3,17
210,"maxgrain_A_12",3,38
210,"maxgrain_A_13",3,31
210,"maxgrain_A_14",3,22
210,"maxgrain_A_15",3,33
210,"maxgrain_A_16",3,38
210,"maxgrain_A_17",3,20
210,"maxgrain_A_18",3,23
210,"maxgrain_A_19",3,27
210,"maxgrain_A_2",3,37
210,"maxgrain_A_20",3,32
210,"maxgrain_A_21",3,22
210,"maxgrain_A_22",3,36
210,"maxgrain_A_23",3,29
210,"maxgrain_A_24",3,31
210,"maxgrain_A_25",3,23
210,"maxgrain_A_26",3,26
210,"maxgrain_A_27",3,28
210,"maxgrain_A_28",3,29
210,"maxgrain_A_29",3,33
210,"maxgrain_A_3",3,33
210,"maxgrain_A_30",3,36
210,"maxgrain_A_31",3,27
210,"maxgrain_A_32",3,26
210,"maxgrain_A_33",3,38
210,"maxgrain_A_34",3,26
210,"maxgrain_A_35",3,31
210,"maxgrain_A_36",3,27
210,"maxgrain_A_37",3,29
210,"maxgrain_A_38",3,24
210,"maxgrain_A_39",3,26
210,"maxgrain_A_4",3,40
210,"maxgrain_A_40",3,23
210,"maxgrain_A_41",3,29
210,"maxgrain_A_42",3,22
210,"maxgrain_A_43",3,31
210,"maxgrain_A_44",3,27
210,"maxgrain_A_45",3,33
210,"maxgrain_A_46",3,32
210,"maxgrain_A_47",3,38
210,"maxgrain_A_48",3,18
210,"maxgrain_A_49",3,29
210,"maxgrain_A_5",3,33
210,"maxgrain_A_50",3,32
210,"maxgrain_A_51",3,23
210,"maxgrain_A_52",3,14
210,"maxgrain_A_53",3,38
210,"maxgrain_A_54",3,33
210,"maxgrain_A_6",3,21
210,"maxgrain_A_7",3,25
210,"maxgrain_A_8",3,26
210,"maxgrain_A_9",3,17
210,"maxgrain_B_1",3,42
210,"maxgrain_B_10",3,28
210,"maxgrain_B_11",3,31
210,"maxgrain_B_12",3,29
210,"maxgrain_B_13",3,27
210,"maxgrain_B_14",3,28
210,"maxgrain_B_15",3,25
210,"maxgrain_B_16",3,26
210,"maxgrain_B_17",3,36
210,"maxgrain_B_18",3,19
210,"maxgrain_B_19",3,26
210,"maxgrain_B_2",3,30
210,"maxgrain_B_20",3,33
210,"maxgrain_B_21",3,32
210,"maxgrain_B_22",3,15
210,"maxgrain_B_23",3,27
210,"maxgrain_B_24",3,22
210,"maxgrain_B_25",3,26
210,"maxgrain_B_26",3,28
210,"maxgrain_B_27",3,27
210,"maxgrain_B_28",3,29
210,"maxgrain_B_29",3,15
210,"maxgrain_B_3",3,18
210,"maxgrain_B_30",3,19
210,"maxgrain_B_31",3,33
210,"maxgrain_B_32",3,23
210,"maxgrain_B_33",3,36
210,"maxgrain_B_34",3,34
210,"maxgrain_B_35",3,31
210,"maxgrain_B_36",3,26
210,"maxgrain_B_37",3,26
210,"maxgrain_B_38",3,27
210,"maxgrain_B_39",3,21
210,"maxgrain_B_4",3,13
210,"maxgrain_B_40",3,27
210,"maxgrain_B_41",3,27
210,"maxgrain_B_42",3,22
210,"maxgrain_B_43",3,24
210,"maxgrain_B_44",3,25
210,"maxgrain_B_45",3,29
210,"maxgrain_B_46",3,29
210,"maxgrain_B_47",3,18
210,"maxgrain_B_48",3,31
210,"maxgrain_B_49",3,26
210,"maxgrain_B_5",3,20
210,"maxgrain_B_50",3,24
210,"maxgrain_B_51",3,32
210,"maxgrain_B_52",3,34
210,"maxgrain_B_53",3,27
210,"maxgrain_B_54",3,35
210,"maxgrain_B_6",3,24
210,"maxgrain_B_7",3,26
210,"maxgrain_B_8",3,28
210,"maxgrain_B_9",3,29
210,"maxgrain_C_1",3,42
210,"maxgrain_C_10",3,30
210,"maxgrain_C_11",3,29
210,"maxgrain_C_12",3,22
210,"maxgrain_C_13",3,35
210,"maxgrain_C_14",3,36
210,"maxgrain_C_15",3,31
210,"maxgrain_C_16",3,34
210,"maxgrain_C_17",3,32
210,"maxgrain_C_18",3,41
210,"maxgrain_C_19",3,37
210,"maxgrain_C_2",3,43
210,"maxgrain_C_20",3,32
210,"maxgrain_C_21",3,37
210,"maxgrain_C_22",3,26
210,"maxgrain_C_23",3,27
210,"maxgrain_C_24",3,25
210,"maxgrain_C_25",3,27
210,"maxgrain_C_26",3,45
210,"maxgrain_C_27",3,36
210,"maxgrain_C_28",3,36
210,"maxgrain_C_29",3,22
210,"maxgrain_C_3",3,34
210,"maxgrain_C_30",3,43
210,"maxgrain_C_31",3,39
210,"maxgrain_C_32",3,43
210,"maxgrain_C_33",3,42
210,"maxgrain_C_34",3,51
210,"maxgrain_C_35",3,42
210,"maxgrain_C_36",3,39
210,"maxgrain_C_37",3,37
210,"maxgrain_C_38",3,40
210,"maxgrain_C_39",3,39
210,"maxgrain_C_4",3,43
210,"maxgrain_C_40",3,25
210,"maxgrain_C_41",3,45
210,"maxgrain_C_42",3,45
210,"maxgrain_C_43",3,49
210,"maxgrain_C_44",3,35
210,"maxgrain_C_45",3,31
210,"maxgrain_C_46",3,32
210,"maxgrain_C_47",3,42
210,"maxgrain_C_48",3,32
210,"maxgrain_C_49",3,37
210,"maxgrain_C_5",3,27
210,"maxgrain_C_50",3,37
210,"maxgrain_C_51",3,33
210,"maxgrain_C_52",3,26
210,"maxgrain_C_53",3,42
210,"maxgrain_C_54",3,51
210,"maxgrain_C_6",3,29
210,"maxgrain_C_7",3,39
210,"maxgrain_C_8",3,38
210,"maxgrain_C_9",3,27
213,"maxgrain",1,112
213,"maxgrain_e1q1-1",2,23
213,"maxgrain_e1q1-2",2,27
213,"maxgrain_e1q1-3",2,28
213,"maxgrain_e1q1a-1",2,28
213,"maxgrain_e1q1a-2",2,30
213,"maxgrain_e1q1a-3",2,38
213,"maxgrain_e1q2-1",2,26
213,"maxgrain_e1q2-2",2,36
213,"maxgrain_e1q2-3",2,29
213,"maxgrain_e1q2-4",2,17
213,"maxgrain_e1q2-5",2,20
213,"maxgrain_e1q2-6",2,25
213,"maxgrain_e1q2-7",2,20
213,"maxgrain_e1q2-8",2,25
213,"maxgrain_e1q3-1",2,19
213,"maxgrain_e1q3-2",2,27
213,"maxgrain_e1q3-3",2,29
213,"maxgrain_e1q3a-1",2,18
213,"maxgrain_e1q3a-2",2,19
213,"maxgrain_e1q3a-3",2,22
213,"maxgrain_e1q4-1",2,50
213,"maxgrain_e1q4-2",2,36
213,"maxgrain_e1q4a-1",2,44
213,"maxgrain_e1q4a-2",2,45
213,"maxgrain_e1q5-1",2,28
213,"maxgrain_e1q5-2",2,18
213,"maxgrain_e1q5-3",2,25
213,"maxgrain_e1q5-4",2,24
213,"maxgrain_e2q2-1",2,30
213,"maxgrain_e2q2-2",2,31
213,"maxgrain_e2q2-3",2,45
213,"maxgrain_e2q2-4",2,37
213,"maxgrain_e2q3-1",2,32
213,"maxgrain_e2q3-2",2,20
213,"maxgrain_e2q3a-1",2,31
213,"maxgrain_e2q3a-2",2,26
213,"maxgrain_e2qa-1",2,19
213,"maxgrain_e2qa-2",2,22
213,"maxgrain_e2qa-3",2,28
213,"maxgrain_e2qa-4",2,29
213,"maxgrain_e2qa-5",2,27
213,"maxgrain_e2qo-1",2,29
213,"maxgrain_e2qo-10",2,21
213,"maxgrain_e2qo-2",2,13
213,"maxgrain_e2qo-3",2,27
213,"maxgrain_e2qo-4",2,21
213,"maxgrain_e2qo-5",2,16
213,"maxgrain_e2qo-6",2,17
213,"maxgrain_e2qo-7",2,25
213,"maxgrain_e2qo-8",2,23
213,"maxgrain_e2qo-9",2,33
217,"maxgrain",1,296
217,"maxgrain_a",2,235
217,"maxgrain_b",2,252
217,"maxgrain_c",2,257
217,"maxgrain_d",2,253
217,"maxgrain_a_1",3,202
217,"maxgrain_a_2",3,194
217,"maxgrain_a_3",3,197
217,"maxgrain_a_4",3,188
217,"maxgrain_a_5",3,201
217,"maxgrain_b_1",3,201
217,"maxgrain_b_2",3,194
217,"maxgrain_b_3",3,202
217,"maxgrain_b_4",3,201
217,"maxgrain_b_5",3,203
217,"maxgrain_c_1",3,200
217,"maxgrain_c_2",3,203
217,"maxgrain_c_3",3,206
217,"maxgrain_c_4",3,205
217,"maxgrain_c_5",3,210
217,"maxgrain_d_1",3,207
217,"maxgrain_d_2",3,203
217,"maxgrain_d_3",3,195
217,"maxgrain_d_4",3,212
217,"maxgrain_d_5",3,208
218,"maxgrain",1,80
218,"maxgrain_A",2,69
218,"maxgrain_B",2,71
218,"maxgrain_C",2,63
218,"maxgrain_A_1",3,35
218,"maxgrain_A_10",3,41
218,"maxgrain_A_2",3,37
218,"maxgrain_A_3",3,41
218,"maxgrain_A_4",3,45
218,"maxgrain_A_5",3,49
218,"maxgrain_A_6",3,41
218,"maxgrain_A_7",3,38
218,"maxgrain_A_8",3,38
218,"maxgrain_A_9",3,35
218,"maxgrain_B_1",3,47
218,"maxgrain_B_2",3,42
218,"maxgrain_B_3",3,39
218,"maxgrain_B_4",3,49
218,"maxgrain_B_5",3,46
218,"maxgrain_B_6",3,38
218,"maxgrain_B_7",3,36
218,"maxgrain_B_8",3,35
218,"maxgrain_C_1",3,37
218,"maxgrain_C_2",3,30
218,"maxgrain_C_3",3,40
218,"maxgrain_C_4",3,40
218,"maxgrain_C_5",3,37
218,"maxgrain_C_6",3,34
218,"maxgrain_C_7",3,41
218,"maxgrain_C_8",3,38
218,"maxgrain_D",2,74
218,"maxgrain_E",2,67
218,"maxgrain_B_0",3,26
218,"maxgrain_D_1",3,50
218,"maxgrain_D_2",3,42
218,"maxgrain_D_3",3,44
218,"maxgrain_D_4",3,41
218,"maxgrain_D_5",3,42
218,"maxgrain_D_6",3,43
218,"maxgrain_D_7",3,42
218,"maxgrain_D_8",3,40
218,"maxgrain_E_1",3,30
218,"maxgrain_E_2",3,53
218,"maxgrain_E_3",3,47
218,"maxgrain_E_4",3,42
218,"maxgrain_E_5",3,46
218,"maxgrain_E_6",3,39
218,"maxgrain_E_7",3,43
218,"maxgrain_E_8",3,43
221,"221",1,99
221,"221_1",2,61
221,"221_10",2,59
221,"221_11",2,56
221,"221_12",2,57
221,"221_13",2,70
221,"221_14",2,53
221,"221_15",2,49
221,"221_16",2,55
221,"221_17",2,56
221,"221_18",2,58
221,"221_19",2,66
221,"221_2",2,62
221,"221_20",2,57
221,"221_21",2,55
221,"221_22",2,52
221,"221_23",2,57
221,"221_24",2,61
221,"221_3",2,59
221,"221_4",2,51
221,"221_5",2,59
221,"221_6",2,65
221,"221_7",2,59
221,"221_8",2,51
221,"221_9",2,55
221,"221_1_11",3,35
221,"221_1_13",3,19
221,"221_1_15",3,36
221,"221_1_17",3,29
221,"221_1_31",3,30
221,"221_1_33",3,23
221,"221_1_35",3,30
221,"221_1_37",3,27
221,"221_1_51",3,30
221,"221_1_53",3,31
221,"221_1_55",3,18
221,"221_1_57",3,24
221,"221_1_71",3,37
221,"221_1_73",3,36
221,"221_1_75",3,30
221,"221_1_77",3,29
221,"221_10_11",3,25
221,"221_10_13",3,23
221,"221_10_15",3,21
221,"221_10_17",3,30
221,"221_10_31",3,25
221,"221_10_33",3,26
221,"221_10_35",3,25
221,"221_10_37",3,25
221,"221_10_51",3,26
221,"221_10_53",3,23
221,"221_10_55",3,34
221,"221_10_57",3,18
221,"221_10_71",3,27
221,"221_10_73",3,28
221,"221_10_75",3,28
221,"221_10_77",3,23
221,"221_11_11",3,28
221,"221_11_13",3,25
221,"221_11_15",3,26
221,"221_11_17",3,23
221,"221_11_31",3,23
221,"221_11_33",3,22
221,"221_11_35",3,22
221,"221_11_37",3,24
221,"221_11_51",3,16
221,"221_11_53",3,19
221,"221_11_55",3,17
221,"221_11_57",3,19
221,"221_11_71",3,26
221,"221_11_73",3,17
221,"221_11_75",3,17
221,"221_11_77",3,12
221,"221_12_11",3,23
221,"221_12_13",3,21
221,"221_12_15",3,23
221,"221_12_17",3,25
221,"221_12_31",3,23
221,"221_12_33",3,15
221,"221_12_35",3,21
221,"221_12_37",3,29
221,"221_12_51",3,24
221,"221_12_53",3,20
221,"221_12_55",3,20
221,"221_12_57",3,21
221,"221_12_71",3,17
221,"221_12_73",3,16
221,"221_12_75",3,21
221,"221_12_77",3,20
221,"221_13_11",3,35
221,"221_13_13",3,29
221,"221_13_15",3,28
221,"221_13_17",3,29
221,"221_13_31",3,40
221,"221_13_33",3,37
221,"221_13_35",3,31
221,"221_13_37",3,35
221,"221_13_51",3,21
221,"221_13_53",3,16
221,"221_13_55",3,24
221,"221_13_57",3,29
221,"221_13_71",3,21
221,"221_13_73",3,15
221,"221_13_75",3,18
221,"221_13_77",3,26
221,"221_14_11",3,21
221,"221_14_13",3,20
221,"221_14_15",3,28
221,"221_14_17",3,25
221,"221_14_31",3,20
221,"221_14_33",3,13
221,"221_14_35",3,26
221,"221_14_37",3,19
221,"221_14_51",3,23
221,"221_14_53",3,18
221,"221_14_55",3,20
221,"221_14_57",3,24
221,"221_14_71",3,12
221,"221_14_73",3,15
221,"221_14_75",3,14
221,"221_14_77",3,22
221,"221_15_11",3,19
221,"221_15_13",3,19
221,"221_15_15",3,14
221,"221_15_17",3,26
221,"221_15_31",3,17
221,"221_15_33",3,7
221,"221_15_35",3,14
221,"221_15_37",3,25
221,"221_15_51",3,19
221,"221_15_53",3,15
221,"221_15_55",3,19
221,"221_15_57",3,20
221,"221_15_71",3,18
221,"221_15_73",3,26
221,"221_15_75",3,18
221,"221_15_77",3,27
221,"221_16_11",3,19
221,"221_16_13",3,23
221,"221_16_15",3,24
221,"221_16_17",3,31
221,"221_16_31",3,24
221,"221_16_33",3,24
221,"221_16_35",3,28
221,"221_16_37",3,30
221,"221_16_51",3,28
221,"221_16_53",3,25
221,"221_16_55",3,21
221,"221_16_57",3,21
221,"221_16_71",3,24
221,"221_16_73",3,22
221,"221_16_75",3,24
221,"221_16_77",3,24
221,"221_17_11",3,19
221,"221_17_13",3,20
221,"221_17_15",3,20
221,"221_17_17",3,24
221,"221_17_31",3,18
221,"221_17_33",3,22
221,"221_17_35",3,22
221,"221_17_37",3,26
221,"221_17_51",3,21
221,"221_17_53",3,15
221,"221_17_55",3,22
221,"221_17_57",3,27
221,"221_17_71",3,12
221,"221_17_73",3,22
221,"221_17_75",3,23
221,"221_17_77",3,16
221,"221_18_11",3,12
221,"221_18_13",3,16
221,"221_18_15",3,25
221,"221_18_17",3,25
221,"221_18_31",3,14
221,"221_18_33",3,10
221,"221_18_35",3,18
221,"221_18_37",3,29
221,"221_18_51",3,27
221,"221_18_53",3,26
221,"221_18_55",3,24
221,"221_18_57",3,24
221,"221_18_71",3,20
221,"221_18_73",3,25
221,"221_18_75",3,18
221,"221_18_77",3,27
221,"221_19_11",3,23
221,"221_19_13",3,19
221,"221_19_15",3,29
221,"221_19_17",3,30
221,"221_19_31",3,26
221,"221_19_33",3,30
221,"221_19_35",3,32
221,"221_19_37",3,25
221,"221_19_51",3,27
221,"221_19_53",3,24
221,"221_19_55",3,23
221,"221_19_57",3,18
221,"221_19_71",3,13
221,"221_19_73",3,12
221,"221_19_75",3,17
221,"221_19_77",3,25
221,"221_2_11",3,26
221,"221_2_13",3,30
221,"221_2_15",3,23
221,"221_2_17",3,30
221,"221_2_31",3,32
221,"221_2_33",3,25
221,"221_2_35",3,29
221,"221_2_37",3,28
221,"221_2_51",3,20
221,"221_2_53",3,30
221,"221_2_55",3,28
221,"221_2_57",3,21
221,"221_2_71",3,27
221,"221_2_73",3,23
221,"221_2_75",3,34
221,"221_2_77",3,30
221,"221_20_11",3,17
221,"221_20_13",3,21
221,"221_20_15",3,27
221,"221_20_17",3,24
221,"221_20_31",3,26
221,"221_20_33",3,28
221,"221_20_35",3,19
221,"221_20_37",3,21
221,"221_20_51",3,22
221,"221_20_53",3,19
221,"221_20_55",3,28
221,"221_20_57",3,23
221,"221_20_71",3,17
221,"221_20_73",3,24
221,"221_20_75",3,21
221,"221_20_77",3,20
221,"221_21_11",3,23
221,"221_21_13",3,21
221,"221_21_15",3,18
221,"221_21_17",3,22
221,"221_21_31",3,17
221,"221_21_33",3,19
221,"221_21_35",3,18
221,"221_21_37",3,20
221,"221_21_51",3,22
221,"221_21_53",3,21
221,"221_21_55",3,21
221,"221_21_57",3,21
221,"221_21_71",3,16
221,"221_21_73",3,17
221,"221_21_75",3,21
221,"221_21_77",3,23
221,"221_22_11",3,25
221,"221_22_13",3,21
221,"221_22_15",3,22
221,"221_22_17",3,27
221,"221_22_31",3,23
221,"221_22_33",3,26
221,"221_22_35",3,25
221,"221_22_37",3,16
221,"221_22_51",3,20
221,"221_22_53",3,31
221,"221_22_55",3,28
221,"221_22_57",3,27
221,"221_22_71",3,21
221,"221_22_73",3,26
221,"221_22_75",3,27
221,"221_22_77",3,26
221,"221_23_11",3,18
221,"221_23_13",3,22
221,"221_23_15",3,23
221,"221_23_17",3,22
221,"221_23_31",3,18
221,"221_23_33",3,19
221,"221_23_35",3,18
221,"221_23_37",3,21
221,"221_23_51",3,26
221,"221_23_53",3,25
221,"221_23_55",3,26
221,"221_23_57",3,31
221,"221_23_71",3,22
221,"221_23_73",3,19
221,"221_23_75",3,20
221,"221_23_77",3,20
221,"221_24_11",3,20
221,"221_24_13",3,7
221,"221_24_15",3,33
221,"221_24_17",3,18
221,"221_24_31",3,15
221,"221_24_33",3,15
221,"221_24_35",3,18
221,"221_24_37",3,29
221,"221_24_51",3,27
221,"221_24_53",3,22
221,"221_24_55",3,18
221,"221_24_57",3,30
221,"221_24_71",3,15
221,"221_24_73",3,19
221,"221_24_75",3,16
221,"221_24_77",3,16
221,"221_3_11",3,20
221,"221_3_13",3,26
221,"221_3_15",3,24
221,"221_3_17",3,25
221,"221_3_31",3,25
221,"221_3_33",3,21
221,"221_3_35",3,22
221,"221_3_37",3,23
221,"221_3_51",3,26
221,"221_3_53",3,26
221,"221_3_55",3,28
221,"221_3_57",3,32
221,"221_3_71",3,21
221,"221_3_73",3,28
221,"221_3_75",3,21
221,"221_3_77",3,15
221,"221_4_11",3,28
221,"221_4_13",3,22
221,"221_4_15",3,21
221,"221_4_17",3,31
221,"221_4_31",3,23
221,"221_4_33",3,24
221,"221_4_35",3,24
221,"221_4_37",3,19
221,"221_4_51",3,18
221,"221_4_53",3,27
221,"221_4_55",3,24
221,"221_4_57",3,25
221,"221_4_71",3,14
221,"221_4_73",3,26
221,"221_4_75",3,24
221,"221_4_77",3,20
221,"221_5_11",3,34
221,"221_5_13",3,26
221,"221_5_15",3,24
221,"221_5_17",3,26
221,"221_5_31",3,29
221,"221_5_33",3,22
221,"221_5_35",3,25
221,"221_5_37",3,28
221,"221_5_51",3,28
221,"221_5_53",3,23
221,"221_5_55",3,28
221,"221_5_57",3,32
221,"221_5_71",3,31
221,"221_5_73",3,20
221,"221_5_75",3,27
221,"221_5_77",3,16
221,"221_6_11",3,29
221,"221_6_13",3,24
221,"221_6_15",3,20
221,"221_6_17",3,26
221,"221_6_31",3,28
221,"221_6_33",3,26
221,"221_6_35",3,23
221,"221_6_37",3,35
221,"221_6_51",3,19
221,"221_6_53",3,26
221,"221_6_55",3,17
221,"221_6_57",3,31
221,"221_6_71",3,28
221,"221_6_73",3,29
221,"221_6_75",3,28
221,"221_6_77",3,28
221,"221_7_11",3,17
221,"221_7_13",3,22
221,"221_7_15",3,26
221,"221_7_17",3,28
221,"221_7_31",3,28
221,"221_7_33",3,24
221,"221_7_35",3,30
221,"221_7_37",3,17
221,"221_7_51",3,30
221,"221_7_53",3,23
221,"221_7_55",3,19
221,"221_7_57",3,22
221,"221_7_71",3,18
221,"221_7_73",3,20
221,"221_7_75",3,22
221,"221_7_77",3,26
221,"221_8_11",3,29
221,"221_8_13",3,34
221,"221_8_15",3,27
221,"221_8_17",3,24
221,"221_8_31",3,26
221,"221_8_33",3,26
221,"221_8_35",3,26
221,"221_8_37",3,24
221,"221_8_51",3,26
221,"221_8_53",3,22
221,"221_8_55",3,18
221,"221_8_57",3,20
221,"221_8_71",3,26
221,"221_8_73",3,23
221,"221_8_75",3,21
221,"221_8_77",3,25
221,"221_9_11",3,31
221,"221_9_13",3,30
221,"221_9_15",3,26
221,"221_9_17",3,27
221,"221_9_31",3,27
221,"221_9_33",3,24
221,"221_9_35",3,20
221,"221_9_37",3,27
221,"221_9_51",3,23
221,"221_9_53",3,26
221,"221_9_55",3,17
221,"221_9_57",3,23
221,"221_9_71",3,17
221,"221_9_73",3,19
221,"221_9_75",3,20
221,"221_9_77",3,21
222,"SagebrushSteppe",1,18
222,"SagebrushSteppe_Q1",2,11
222,"SagebrushSteppe_Q10",2,10
222,"SagebrushSteppe_Q11",2,11
222,"SagebrushSteppe_Q12",2,10
222,"SagebrushSteppe_Q13",2,11
222,"SagebrushSteppe_Q14",2,11
222,"SagebrushSteppe_Q19",2,12
222,"SagebrushSteppe_Q2",2,10
222,"SagebrushSteppe_Q20",2,14
222,"SagebrushSteppe_Q21",2,10
222,"SagebrushSteppe_Q22",2,16
222,"SagebrushSteppe_Q23",2,12
222,"SagebrushSteppe_Q24",2,13
222,"SagebrushSteppe_Q25",2,12
222,"SagebrushSteppe_Q26",2,10
222,"SagebrushSteppe_Q3",2,10
222,"SagebrushSteppe_Q4",2,13
222,"SagebrushSteppe_Q5",2,10
222,"SagebrushSteppe_Q7",2,11
222,"SagebrushSteppe_Q8",2,15
222,"SagebrushSteppe_Q9",2,14
223,"maxgrain",1,93
223,"maxgrain_C",2,60
223,"maxgrain_C_1",3,52
223,"maxgrain_C_2",3,38
223,"maxgrain_C_3",3,58
223,"maxgrain_C_4",3,44
223,"maxgrain_G",2,89
223,"maxgrain_G_2",3,64
223,"maxgrain_G_3",3,56
223,"maxgrain_G_4",3,55
223,"maxgrain_C_1_1",4,29
223,"maxgrain_C_1_3",4,27
223,"maxgrain_C_1_4",4,36
223,"maxgrain_C_2_1",4,15
223,"maxgrain_C_2_2",4,20
223,"maxgrain_C_2_3",4,18
223,"maxgrain_C_3_2",4,48
223,"maxgrain_C_3_3",4,39
223,"maxgrain_C_3_4",4,24
223,"maxgrain_C_4_1",4,26
223,"maxgrain_C_4_2",4,18
223,"maxgrain_C_4_3",4,29
223,"maxgrain_G_1_2",4,58
223,"maxgrain_G_2_1",4,30
223,"maxgrain_G_2_3",4,44
223,"maxgrain_G_2_4",4,49
223,"maxgrain_G_3_2",4,46
223,"maxgrain_G_3_3",4,54
223,"maxgrain_G_3_4",4,47
223,"maxgrain_G_4_1",4,54
223,"maxgrain_G_4_2",4,50
223,"maxgrain_G_4_3",4,37
225,"maxgrain",1,318
225,"maxgrain_205",2,129
225,"maxgrain_206",2,138
225,"maxgrain_208",2,124
225,"maxgrain_220",2,127
225,"maxgrain_222",2,143
225,"maxgrain_226",2,136
225,"maxgrain_238",2,151
225,"maxgrain_244",2,147
225,"maxgrain_254",2,101
225,"maxgrain_259",2,103
225,"maxgrain_303",2,131
225,"maxgrain_307",2,153
225,"maxgrain_308",2,91
225,"maxgrain_309",2,132
225,"maxgrain_317",2,127
225,"maxgrain_319",2,110
225,"maxgrain_331",2,140
225,"maxgrain_343",2,114
225,"maxgrain_346",2,112
225,"maxgrain_350",2,132
231,"maxgrain",1,15
231,"maxgrain_001D-E",2,10
231,"maxgrain_001D-W",2,10
231,"maxgrain_004B-E",2,11
231,"maxgrain_004B-W",2,15
231,"maxgrain_004F-E",2,10
231,"maxgrain_004F-W",2,11
231,"maxgrain_020B-E",2,11
231,"maxgrain_020B-W",2,10
231,"maxgrain_N01B-E",2,12
231,"maxgrain_N01B-W",2,12
231,"maxgrain_N04D-E",2,10
231,"maxgrain_N04D-W",2,12
231,"maxgrain_N20B-N",2,12
231,"maxgrain_N20B-S",2,10
232,"maxgrain",1,24
232,"maxgrain_5pgrass",2,18
232,"maxgrain_5plarrea",2,19
232,"maxgrain_goatdraw",2,14
232,"maxgrain_rsgrass",2,18
232,"maxgrain_rslarrea",2,21
232,"maxgrain_two22",2,19
237,"BFJNP",1,12
237,"BFJNP_1",2,10
237,"BFJNP_10",2,10
237,"BFJNP_12",2,9
237,"BFJNP_14",2,11
241,"maxgrain",1,97
241,"maxgrain_1",2,80
241,"maxgrain_2",2,83
241,"maxgrain_3",2,73
241,"maxgrain_4",2,101
241,"maxgrain_5",2,90
241,"maxgrain_6",2,91
241,"maxgrain_7",2,30
242,"maxgrain",1,31
242,"maxgrain_1",2,26
242,"maxgrain_2",2,22
242,"maxgrain_3",2,24
242,"maxgrain_4",2,28
242,"maxgrain_5",2,24
242,"maxgrain_6",2,23
242,"maxgrain_7",2,10
242,"maxgrain_1_1",3,19
242,"maxgrain_1_2",3,15
242,"maxgrain_1_3",3,16
242,"maxgrain_1_4",3,19
242,"maxgrain_1_5",3,14
242,"maxgrain_2_1",3,20
242,"maxgrain_2_2",3,13
242,"maxgrain_2_3",3,17
242,"maxgrain_2_4",3,15
242,"maxgrain_2_5",3,14
242,"maxgrain_3_1",3,16
242,"maxgrain_3_2",3,17
242,"maxgrain_3_3",3,17
242,"maxgrain_3_4",3,13
242,"maxgrain_3_5",3,13
242,"maxgrain_4_1",3,23
242,"maxgrain_4_2",3,21
242,"maxgrain_4_3",3,17
242,"maxgrain_4_4",3,19
242,"maxgrain_4_5",3,18
242,"maxgrain_5_1",3,18
242,"maxgrain_5_2",3,17
242,"maxgrain_5_3",3,19
242,"maxgrain_5_4",3,19
242,"maxgrain_5_5",3,20
242,"maxgrain_6_1",3,16
242,"maxgrain_6_2",3,16
242,"maxgrain_6_3",3,16
242,"maxgrain_6_4",3,18
242,"maxgrain_6_5",3,17
242,"maxgrain_7_1",3,5
242,"maxgrain_7_2",3,6
242,"maxgrain_7_3",3,5
242,"maxgrain_7_4",3,6
242,"maxgrain_7_5",3,4
243,"maxgrain",1,27
243,"maxgrain_1",2,24
243,"maxgrain_2",2,26
243,"maxgrain_3",2,25
243,"maxgrain_4",2,28
243,"maxgrain_5",2,26
243,"maxgrain_6",2,24
243,"maxgrain_7",2,7
248,"maxgrain",1,54
248,"maxgrain_ABUR",2,14
248,"maxgrain_AHND",2,31
248,"maxgrain_AQUE",2,22
248,"maxgrain_BULL",2,23
248,"maxgrain_CARP",2,26
248,"maxgrain_GOLB",2,25
248,"maxgrain_IVEE",2,25
248,"maxgrain_MOHK",2,23
248,"maxgrain_NAPL",2,33
248,"maxgrain_SCDI",2,32
248,"maxgrain_SCTW",2,30
248,"maxgrain_ABUR_1",3,15
248,"maxgrain_ABUR_2",3,15
248,"maxgrain_AHND_1",3,20
248,"maxgrain_AHND_2",3,26
248,"maxgrain_AQUE_1",3,14
248,"maxgrain_AQUE_2",3,25
248,"maxgrain_AQUE_3",3,22
248,"maxgrain_AQUE_4",3,31
248,"maxgrain_AQUE_5",3,26
248,"maxgrain_AQUE_6",3,28
248,"maxgrain_BULL_1",3,21
248,"maxgrain_BULL_3",3,22
248,"maxgrain_BULL_6",3,19
248,"maxgrain_CARP_1",3,21
248,"maxgrain_CARP_2",3,20
248,"maxgrain_CARP_3",3,22
248,"maxgrain_CARP_4",3,20
248,"maxgrain_CARP_5",3,15
248,"maxgrain_CARP_6",3,12
248,"maxgrain_CARP_7",3,16
248,"maxgrain_CARP_8",3,18
248,"maxgrain_GOLB_1",3,21
248,"maxgrain_GOLB_2",3,16
248,"maxgrain_IVEE_1",3,17
248,"maxgrain_IVEE_2",3,22
248,"maxgrain_MOHK_1",3,21
248,"maxgrain_MOHK_2",3,27
248,"maxgrain_NAPL_1",3,23
248,"maxgrain_NAPL_2",3,22
248,"maxgrain_NAPL_3",3,21
248,"maxgrain_NAPL_4",3,21
248,"maxgrain_NAPL_5",3,21
248,"maxgrain_NAPL_6",3,33
248,"maxgrain_NAPL_7",3,29
248,"maxgrain_NAPL_8",3,28
248,"maxgrain_SCDI_2",3,30
248,"maxgrain_SCDI_3",3,26
248,"maxgrain_SCTW_2",3,27
248,"maxgrain_SCTW_3",3,27
252,"maxgrain",1,299
252,"maxgrain_C",2,171
252,"maxgrain_G",2,199
252,"maxgrain_P",2,150
252,"maxgrain_C_A",3,71
252,"maxgrain_C_B",3,101
252,"maxgrain_C_C",3,91
252,"maxgrain_C_D",3,93
252,"maxgrain_C_E",3,122
252,"maxgrain_G_A",3,122
252,"maxgrain_G_B",3,105
252,"maxgrain_G_C",3,113
252,"maxgrain_G_D",3,111
252,"maxgrain_G_E",3,107
252,"maxgrain_P_B",3,83
252,"maxgrain_P_C",3,99
252,"maxgrain_P_D",3,100
252,"maxgrain_C_A_1",4,58
252,"maxgrain_C_A_3",4,49
252,"maxgrain_C_A_5",4,64
252,"maxgrain_C_B_1",4,78
252,"maxgrain_C_B_3",4,71
252,"maxgrain_C_B_5",4,78
252,"maxgrain_C_C_1",4,71
252,"maxgrain_C_C_3",4,68
252,"maxgrain_C_C_5",4,54
252,"maxgrain_C_D_1",4,73
252,"maxgrain_C_D_3",4,64
252,"maxgrain_C_D_5",4,72
252,"maxgrain_C_E_1",4,87
252,"maxgrain_C_E_3",4,68
252,"maxgrain_C_E_5",4,77
252,"maxgrain_G_A_1",4,88
252,"maxgrain_G_A_3",4,86
252,"maxgrain_G_A_5",4,69
252,"maxgrain_G_B_1",4,69
252,"maxgrain_G_B_3",4,66
252,"maxgrain_G_B_5",4,78
252,"maxgrain_G_C_1",4,76
252,"maxgrain_G_C_3",4,77
252,"maxgrain_G_C_5",4,71
252,"maxgrain_G_D_1",4,79
252,"maxgrain_G_D_3",4,64
252,"maxgrain_G_D_5",4,75
252,"maxgrain_G_E_1",4,63
252,"maxgrain_G_E_3",4,78
252,"maxgrain_G_E_5",4,72
252,"maxgrain_P_A_1",4,94
252,"maxgrain_P_A_3",4,63
252,"maxgrain_P_A_5",4,36
252,"maxgrain_P_B_3",4,82
252,"maxgrain_P_B_5",4,43
252,"maxgrain_P_C_1",4,86
252,"maxgrain_P_C_3",4,61
252,"maxgrain_P_D_1",4,93
252,"maxgrain_P_D_3",4,81
252,"maxgrain_P_E_1",4,61
252,"maxgrain_P_E_3",4,110
252,"maxgrain_P_E_5",4,85
254,"1",1,20
254,"1_1",2,14
254,"1_11",2,16
254,"1_12",2,15
254,"1_13",2,14
254,"1_14",2,13
254,"1_15",2,15
254,"1_17",2,12
254,"1_18",2,17
254,"1_19",2,16
254,"1_2",2,15
254,"1_20",2,15
254,"1_21",2,14
254,"1_22",2,13
254,"1_24",2,14
254,"1_3",2,18
254,"1_4",2,12
254,"1_5",2,14
254,"1_6",2,14
254,"1_7",2,8
254,"1_8",2,11
254,"1_9",2,14
258,"maxgrain",1,127
258,"maxgrain_1BF",2,62
258,"maxgrain_1BO",2,67
258,"maxgrain_1CF",2,63
258,"maxgrain_1CO",2,54
258,"maxgrain_2BF",2,69
258,"maxgrain_2BO",2,75
258,"maxgrain_2CF",2,81
258,"maxgrain_2CO",2,77
258,"maxgrain_3BF",2,63
258,"maxgrain_3BO",2,83
258,"maxgrain_3CF",2,71
258,"maxgrain_3CO",2,82
258,"maxgrain_4BF",2,72
258,"maxgrain_4BO",2,82
258,"maxgrain_4CF",2,71
258,"maxgrain_4CO",2,64
258,"maxgrain_1BF_10",3,8
258,"maxgrain_1BF_102",3,17
258,"maxgrain_1BF_104",3,18
258,"maxgrain_1BF_106",3,15
258,"maxgrain_1BF_108",3,22
258,"maxgrain_1BF_114",3,20
258,"maxgrain_1BF_116",3,15
258,"maxgrain_1BF_118",3,25
258,"maxgrain_1BF_12",3,18
258,"maxgrain_1BF_120",3,21
258,"maxgrain_1BF_126",3,23
258,"maxgrain_1BF_128",3,13
258,"maxgrain_1BF_130",3,13
258,"maxgrain_1BF_132",3,25
258,"maxgrain_1BF_138",3,14
258,"maxgrain_1BF_140",3,11
258,"maxgrain_1BF_142",3,13
258,"maxgrain_1BF_144",3,14
258,"maxgrain_1BF_18",3,13
258,"maxgrain_1BF_20",3,13
258,"maxgrain_1BF_22",3,18
258,"maxgrain_1BF_24",3,21
258,"maxgrain_1BF_30",3,8
258,"maxgrain_1BF_32",3,11
258,"maxgrain_1BF_34",3,19
258,"maxgrain_1BF_36",3,13
258,"maxgrain_1BF_42",3,15
258,"maxgrain_1BF_44",3,16
258,"maxgrain_1BF_46",3,21
258,"maxgrain_1BF_48",3,14
258,"maxgrain_1BF_54",3,10
258,"maxgrain_1BF_56",3,17
258,"maxgrain_1BF_58",3,17
258,"maxgrain_1BF_6",3,9
258,"maxgrain_1BF_60",3,15
258,"maxgrain_1BF_66",3,17
258,"maxgrain_1BF_68",3,11
258,"maxgrain_1BF_70",3,14
258,"maxgrain_1BF_72",3,16
258,"maxgrain_1BF_78",3,13
258,"maxgrain_1BF_8",3,14
258,"maxgrain_1BF_80",3,16
258,"maxgrain_1BF_82",3,13
258,"maxgrain_1BF_84",3,18
258,"maxgrain_1BF_90",3,19
258,"maxgrain_1BF_92",3,17
258,"maxgrain_1BF_94",3,15
258,"maxgrain_1BF_96",3,16
258,"maxgrain_1BO_10",3,13
258,"maxgrain_1BO_102",3,18
258,"maxgrain_1BO_104",3,17
258,"maxgrain_1BO_106",3,23
258,"maxgrain_1BO_108",3,16
258,"maxgrain_1BO_114",3,21
258,"maxgrain_1BO_116",3,20
258,"maxgrain_1BO_118",3,14
258,"maxgrain_1BO_12",3,16
258,"maxgrain_1BO_120",3,20
258,"maxgrain_1BO_126",3,15
258,"maxgrain_1BO_128",3,12
258,"maxgrain_1BO_130",3,11
258,"maxgrain_1BO_132",3,16
258,"maxgrain_1BO_138",3,15
258,"maxgrain_1BO_140",3,21
258,"maxgrain_1BO_142",3,22
258,"maxgrain_1BO_144",3,13
258,"maxgrain_1BO_18",3,12
258,"maxgrain_1BO_20",3,9
258,"maxgrain_1BO_22",3,25
258,"maxgrain_1BO_24",3,18
258,"maxgrain_1BO_30",3,11
258,"maxgrain_1BO_32",3,22
258,"maxgrain_1BO_34",3,16
258,"maxgrain_1BO_36",3,12
258,"maxgrain_1BO_42",3,11
258,"maxgrain_1BO_44",3,8
258,"maxgrain_1BO_46",3,15
258,"maxgrain_1BO_48",3,14
258,"maxgrain_1BO_54",3,23
258,"maxgrain_1BO_56",3,19
258,"maxgrain_1BO_58",3,18
258,"maxgrain_1BO_6",3,13
258,"maxgrain_1BO_60",3,17
258,"maxgrain_1BO_66",3,14
258,"maxgrain_1BO_68",3,19
258,"maxgrain_1BO_70",3,15
258,"maxgrain_1BO_72",3,10
258,"maxgrain_1BO_78",3,20
258,"maxgrain_1BO_8",3,18
258,"maxgrain_1BO_80",3,16
258,"maxgrain_1BO_82",3,14
258,"maxgrain_1BO_90",3,21
258,"maxgrain_1BO_92",3,15
258,"maxgrain_1BO_94",3,21
258,"maxgrain_1BO_96",3,11
258,"maxgrain_1CF_10",3,16
258,"maxgrain_1CF_102",3,15
258,"maxgrain_1CF_104",3,13
258,"maxgrain_1CF_106",3,12
258,"maxgrain_1CF_108",3,25
258,"maxgrain_1CF_114",3,16
258,"maxgrain_1CF_116",3,19
258,"maxgrain_1CF_12",3,11
258,"maxgrain_1CF_120",3,12
258,"maxgrain_1CF_126",3,21
258,"maxgrain_1CF_128",3,17
258,"maxgrain_1CF_130",3,31
258,"maxgrain_1CF_132",3,12
258,"maxgrain_1CF_138",3,17
258,"maxgrain_1CF_140",3,13
258,"maxgrain_1CF_142",3,15
258,"maxgrain_1CF_144",3,15
258,"maxgrain_1CF_18",3,19
258,"maxgrain_1CF_20",3,14
258,"maxgrain_1CF_22",3,14
258,"maxgrain_1CF_24",3,18
258,"maxgrain_1CF_30",3,12
258,"maxgrain_1CF_32",3,13
258,"maxgrain_1CF_34",3,19
258,"maxgrain_1CF_36",3,18
258,"maxgrain_1CF_42",3,15
258,"maxgrain_1CF_44",3,15
258,"maxgrain_1CF_46",3,25
258,"maxgrain_1CF_48",3,19
258,"maxgrain_1CF_54",3,14
258,"maxgrain_1CF_56",3,15
258,"maxgrain_1CF_58",3,28
258,"maxgrain_1CF_6",3,14
258,"maxgrain_1CF_60",3,20
258,"maxgrain_1CF_66",3,12
258,"maxgrain_1CF_68",3,18
258,"maxgrain_1CF_70",3,11
258,"maxgrain_1CF_72",3,13
258,"maxgrain_1CF_78",3,16
258,"maxgrain_1CF_8",3,14
258,"maxgrain_1CF_80",3,18
258,"maxgrain_1CF_82",3,16
258,"maxgrain_1CF_84",3,12
258,"maxgrain_1CF_90",3,13
258,"maxgrain_1CF_92",3,11
258,"maxgrain_1CF_94",3,11
258,"maxgrain_1CF_96",3,17
258,"maxgrain_1CO_102",3,13
258,"maxgrain_1CO_104",3,15
258,"maxgrain_1CO_106",3,13
258,"maxgrain_1CO_108",3,12
258,"maxgrain_1CO_114",3,9
258,"maxgrain_1CO_116",3,14
258,"maxgrain_1CO_118",3,8
258,"maxgrain_1CO_12",3,17
258,"maxgrain_1CO_120",3,17
258,"maxgrain_1CO_128",3,17
258,"maxgrain_1CO_130",3,14
258,"maxgrain_1CO_132",3,9
258,"maxgrain_1CO_138",3,27
258,"maxgrain_1CO_140",3,10
258,"maxgrain_1CO_142",3,12
258,"maxgrain_1CO_144",3,21
258,"maxgrain_1CO_18",3,15
258,"maxgrain_1CO_20",3,11
258,"maxgrain_1CO_22",3,13
258,"maxgrain_1CO_24",3,16
258,"maxgrain_1CO_30",3,11
258,"maxgrain_1CO_32",3,15
258,"maxgrain_1CO_34",3,20
258,"maxgrain_1CO_36",3,12
258,"maxgrain_1CO_42",3,22
258,"maxgrain_1CO_44",3,22
258,"maxgrain_1CO_48",3,18
258,"maxgrain_1CO_54",3,16
258,"maxgrain_1CO_56",3,19
258,"maxgrain_1CO_6",3,11
258,"maxgrain_1CO_60",3,10
258,"maxgrain_1CO_66",3,15
258,"maxgrain_1CO_68",3,14
258,"maxgrain_1CO_70",3,16
258,"maxgrain_1CO_72",3,8
258,"maxgrain_1CO_78",3,14
258,"maxgrain_1CO_8",3,12
258,"maxgrain_1CO_80",3,17
258,"maxgrain_1CO_82",3,12
258,"maxgrain_1CO_84",3,19
258,"maxgrain_1CO_90",3,16
258,"maxgrain_1CO_92",3,14
258,"maxgrain_1CO_94",3,12
258,"maxgrain_1CO_96",3,26
258,"maxgrain_2BF_10",3,9
258,"maxgrain_2BF_102",3,20
258,"maxgrain_2BF_104",3,19
258,"maxgrain_2BF_106",3,12
258,"maxgrain_2BF_108",3,9
258,"maxgrain_2BF_114",3,12
258,"maxgrain_2BF_116",3,22
258,"maxgrain_2BF_118",3,17
258,"maxgrain_2BF_12",3,10
258,"maxgrain_2BF_120",3,18
258,"maxgrain_2BF_126",3,18
258,"maxgrain_2BF_128",3,12
258,"maxgrain_2BF_130",3,13
258,"maxgrain_2BF_132",3,10
258,"maxgrain_2BF_138",3,9
258,"maxgrain_2BF_140",3,10
258,"maxgrain_2BF_142",3,14
258,"maxgrain_2BF_144",3,14
258,"maxgrain_2BF_18",3,14
258,"maxgrain_2BF_20",3,12
258,"maxgrain_2BF_22",3,10
258,"maxgrain_2BF_24",3,13
258,"maxgrain_2BF_30",3,10
258,"maxgrain_2BF_32",3,11
258,"maxgrain_2BF_34",3,9
258,"maxgrain_2BF_36",3,18
258,"maxgrain_2BF_42",3,7
258,"maxgrain_2BF_44",3,13
258,"maxgrain_2BF_46",3,8
258,"maxgrain_2BF_48",3,11
258,"maxgrain_2BF_54",3,9
258,"maxgrain_2BF_56",3,12
258,"maxgrain_2BF_58",3,10
258,"maxgrain_2BF_60",3,8
258,"maxgrain_2BF_66",3,9
258,"maxgrain_2BF_68",3,12
258,"maxgrain_2BF_70",3,10
258,"maxgrain_2BF_72",3,14
258,"maxgrain_2BF_8",3,11
258,"maxgrain_2BF_80",3,14
258,"maxgrain_2BF_82",3,15
258,"maxgrain_2BF_84",3,14
258,"maxgrain_2BF_90",3,19
258,"maxgrain_2BF_92",3,20
258,"maxgrain_2BF_94",3,17
258,"maxgrain_2BF_96",3,16
258,"maxgrain_2BO_10",3,15
258,"maxgrain_2BO_102",3,18
258,"maxgrain_2BO_104",3,18
258,"maxgrain_2BO_106",3,9
258,"maxgrain_2BO_108",3,14
258,"maxgrain_2BO_114",3,13
258,"maxgrain_2BO_116",3,13
258,"maxgrain_2BO_118",3,16
258,"maxgrain_2BO_12",3,12
258,"maxgrain_2BO_120",3,11
258,"maxgrain_2BO_126",3,13
258,"maxgrain_2BO_128",3,16
258,"maxgrain_2BO_130",3,19
258,"maxgrain_2BO_132",3,13
258,"maxgrain_2BO_138",3,10
258,"maxgrain_2BO_140",3,21
258,"maxgrain_2BO_142",3,15
258,"maxgrain_2BO_144",3,12
258,"maxgrain_2BO_18",3,8
258,"maxgrain_2BO_20",3,14
258,"maxgrain_2BO_22",3,14
258,"maxgrain_2BO_24",3,16
258,"maxgrain_2BO_30",3,11
258,"maxgrain_2BO_34",3,15
258,"maxgrain_2BO_36",3,13
258,"maxgrain_2BO_42",3,11
258,"maxgrain_2BO_44",3,15
258,"maxgrain_2BO_46",3,14
258,"maxgrain_2BO_48",3,13
258,"maxgrain_2BO_54",3,17
258,"maxgrain_2BO_56",3,16
258,"maxgrain_2BO_58",3,15
258,"maxgrain_2BO_6",3,12
258,"maxgrain_2BO_60",3,16
258,"maxgrain_2BO_66",3,14
258,"maxgrain_2BO_68",3,13
258,"maxgrain_2BO_70",3,13
258,"maxgrain_2BO_72",3,14
258,"maxgrain_2BO_78",3,14
258,"maxgrain_2BO_8",3,12
258,"maxgrain_2BO_80",3,18
258,"maxgrain_2BO_82",3,13
258,"maxgrain_2BO_84",3,10
258,"maxgrain_2BO_90",3,19
258,"maxgrain_2BO_92",3,12
258,"maxgrain_2BO_94",3,16
258,"maxgrain_2BO_96",3,16
258,"maxgrain_2CF_10",3,12
258,"maxgrain_2CF_102",3,22
258,"maxgrain_2CF_104",3,18
258,"maxgrain_2CF_106",3,19
258,"maxgrain_2CF_108",3,19
258,"maxgrain_2CF_114",3,20
258,"maxgrain_2CF_116",3,14
258,"maxgrain_2CF_118",3,11
258,"maxgrain_2CF_12",3,18
258,"maxgrain_2CF_120",3,11
258,"maxgrain_2CF_126",3,8
258,"maxgrain_2CF_128",3,12
258,"maxgrain_2CF_130",3,11
258,"maxgrain_2CF_132",3,12
258,"maxgrain_2CF_138",3,15
258,"maxgrain_2CF_140",3,12
258,"maxgrain_2CF_142",3,10
258,"maxgrain_2CF_144",3,9
258,"maxgrain_2CF_18",3,22
258,"maxgrain_2CF_20",3,9
258,"maxgrain_2CF_22",3,10
258,"maxgrain_2CF_24",3,8
258,"maxgrain_2CF_30",3,15
258,"maxgrain_2CF_32",3,16
258,"maxgrain_2CF_34",3,12
258,"maxgrain_2CF_36",3,13
258,"maxgrain_2CF_42",3,11
258,"maxgrain_2CF_44",3,16
258,"maxgrain_2CF_46",3,15
258,"maxgrain_2CF_48",3,9
258,"maxgrain_2CF_56",3,16
258,"maxgrain_2CF_58",3,10
258,"maxgrain_2CF_6",3,12
258,"maxgrain_2CF_60",3,8
258,"maxgrain_2CF_66",3,22
258,"maxgrain_2CF_68",3,10
258,"maxgrain_2CF_70",3,8
258,"maxgrain_2CF_72",3,9
258,"maxgrain_2CF_78",3,13
258,"maxgrain_2CF_8",3,22
258,"maxgrain_2CF_80",3,8
258,"maxgrain_2CF_82",3,12
258,"maxgrain_2CF_84",3,18
258,"maxgrain_2CF_92",3,14
258,"maxgrain_2CF_94",3,12
258,"maxgrain_2CF_96",3,13
258,"maxgrain_2CO_102",3,11
258,"maxgrain_2CO_104",3,12
258,"maxgrain_2CO_106",3,8
258,"maxgrain_2CO_108",3,17
258,"maxgrain_2CO_114",3,18
258,"maxgrain_2CO_116",3,16
258,"maxgrain_2CO_118",3,19
258,"maxgrain_2CO_12",3,10
258,"maxgrain_2CO_120",3,15
258,"maxgrain_2CO_126",3,22
258,"maxgrain_2CO_128",3,14
258,"maxgrain_2CO_130",3,9
258,"maxgrain_2CO_132",3,12
258,"maxgrain_2CO_138",3,11
258,"maxgrain_2CO_140",3,11
258,"maxgrain_2CO_142",3,13
258,"maxgrain_2CO_144",3,16
258,"maxgrain_2CO_18",3,15
258,"maxgrain_2CO_20",3,13
258,"maxgrain_2CO_22",3,11
258,"maxgrain_2CO_24",3,16
258,"maxgrain_2CO_30",3,14
258,"maxgrain_2CO_32",3,19
258,"maxgrain_2CO_34",3,12
258,"maxgrain_2CO_36",3,14
258,"maxgrain_2CO_42",3,20
258,"maxgrain_2CO_44",3,12
258,"maxgrain_2CO_46",3,11
258,"maxgrain_2CO_48",3,10
258,"maxgrain_2CO_54",3,11
258,"maxgrain_2CO_56",3,12
258,"maxgrain_2CO_58",3,14
258,"maxgrain_2CO_6",3,13
258,"maxgrain_2CO_60",3,17
258,"maxgrain_2CO_66",3,20
258,"maxgrain_2CO_68",3,20
258,"maxgrain_2CO_70",3,13
258,"maxgrain_2CO_72",3,8
258,"maxgrain_2CO_78",3,9
258,"maxgrain_2CO_8",3,17
258,"maxgrain_2CO_80",3,10
258,"maxgrain_2CO_82",3,8
258,"maxgrain_2CO_84",3,10
258,"maxgrain_2CO_90",3,16
258,"maxgrain_2CO_92",3,9
258,"maxgrain_2CO_94",3,9
258,"maxgrain_2CO_96",3,18
258,"maxgrain_3BF_10",3,14
258,"maxgrain_3BF_102",3,6
258,"maxgrain_3BF_104",3,13
258,"maxgrain_3BF_106",3,15
258,"maxgrain_3BF_108",3,21
258,"maxgrain_3BF_114",3,22
258,"maxgrain_3BF_116",3,15
258,"maxgrain_3BF_118",3,13
258,"maxgrain_3BF_12",3,11
258,"maxgrain_3BF_120",3,17
258,"maxgrain_3BF_128",3,12
258,"maxgrain_3BF_130",3,8
258,"maxgrain_3BF_132",3,20
258,"maxgrain_3BF_138",3,16
258,"maxgrain_3BF_140",3,14
258,"maxgrain_3BF_142",3,9
258,"maxgrain_3BF_144",3,9
258,"maxgrain_3BF_18",3,13
258,"maxgrain_3BF_20",3,13
258,"maxgrain_3BF_22",3,14
258,"maxgrain_3BF_24",3,17
258,"maxgrain_3BF_30",3,16
258,"maxgrain_3BF_32",3,15
258,"maxgrain_3BF_34",3,15
258,"maxgrain_3BF_36",3,15
258,"maxgrain_3BF_42",3,16
258,"maxgrain_3BF_44",3,20
258,"maxgrain_3BF_46",3,9
258,"maxgrain_3BF_48",3,10
258,"maxgrain_3BF_54",3,17
258,"maxgrain_3BF_56",3,13
258,"maxgrain_3BF_58",3,10
258,"maxgrain_3BF_6",3,9
258,"maxgrain_3BF_60",3,14
258,"maxgrain_3BF_66",3,20
258,"maxgrain_3BF_68",3,21
258,"maxgrain_3BF_70",3,24
258,"maxgrain_3BF_72",3,26
258,"maxgrain_3BF_78",3,11
258,"maxgrain_3BF_8",3,11
258,"maxgrain_3BF_80",3,12
258,"maxgrain_3BF_82",3,12
258,"maxgrain_3BF_84",3,11
258,"maxgrain_3BF_90",3,12
258,"maxgrain_3BF_92",3,17
258,"maxgrain_3BF_94",3,10
258,"maxgrain_3BF_96",3,12
258,"maxgrain_3BO_10",3,18
258,"maxgrain_3BO_102",3,13
258,"maxgrain_3BO_104",3,17
258,"maxgrain_3BO_106",3,14
258,"maxgrain_3BO_108",3,15
258,"maxgrain_3BO_114",3,19
258,"maxgrain_3BO_116",3,20
258,"maxgrain_3BO_118",3,19
258,"maxgrain_3BO_12",3,18
258,"maxgrain_3BO_120",3,19
258,"maxgrain_3BO_126",3,21
258,"maxgrain_3BO_128",3,17
258,"maxgrain_3BO_130",3,25
258,"maxgrain_3BO_132",3,14
258,"maxgrain_3BO_138",3,18
258,"maxgrain_3BO_140",3,22
258,"maxgrain_3BO_142",3,20
258,"maxgrain_3BO_144",3,17
258,"maxgrain_3BO_18",3,23
258,"maxgrain_3BO_20",3,18
258,"maxgrain_3BO_22",3,24
258,"maxgrain_3BO_24",3,16
258,"maxgrain_3BO_30",3,17
258,"maxgrain_3BO_32",3,18
258,"maxgrain_3BO_34",3,20
258,"maxgrain_3BO_36",3,16
258,"maxgrain_3BO_42",3,15
258,"maxgrain_3BO_44",3,10
258,"maxgrain_3BO_46",3,20
258,"maxgrain_3BO_48",3,19
258,"maxgrain_3BO_54",3,22
258,"maxgrain_3BO_56",3,21
258,"maxgrain_3BO_58",3,30
258,"maxgrain_3BO_6",3,14
258,"maxgrain_3BO_60",3,20
258,"maxgrain_3BO_66",3,17
258,"maxgrain_3BO_68",3,12
258,"maxgrain_3BO_70",3,14
258,"maxgrain_3BO_72",3,18
258,"maxgrain_3BO_78",3,22
258,"maxgrain_3BO_8",3,13
258,"maxgrain_3BO_80",3,10
258,"maxgrain_3BO_82",3,9
258,"maxgrain_3BO_84",3,18
258,"maxgrain_3BO_90",3,25
258,"maxgrain_3BO_92",3,16
258,"maxgrain_3BO_94",3,15
258,"maxgrain_3BO_96",3,16
258,"maxgrain_3CF_10",3,26
258,"maxgrain_3CF_102",3,22
258,"maxgrain_3CF_104",3,17
258,"maxgrain_3CF_106",3,21
258,"maxgrain_3CF_108",3,26
258,"maxgrain_3CF_114",3,14
258,"maxgrain_3CF_116",3,20
258,"maxgrain_3CF_118",3,26
258,"maxgrain_3CF_12",3,15
258,"maxgrain_3CF_120",3,13
258,"maxgrain_3CF_126",3,13
258,"maxgrain_3CF_128",3,20
258,"maxgrain_3CF_130",3,16
258,"maxgrain_3CF_132",3,13
258,"maxgrain_3CF_138",3,16
258,"maxgrain_3CF_140",3,18
258,"maxgrain_3CF_142",3,30
258,"maxgrain_3CF_144",3,23
258,"maxgrain_3CF_18",3,13
258,"maxgrain_3CF_20",3,24
258,"maxgrain_3CF_22",3,16
258,"maxgrain_3CF_24",3,16
258,"maxgrain_3CF_30",3,21
258,"maxgrain_3CF_32",3,24
258,"maxgrain_3CF_34",3,22
258,"maxgrain_3CF_36",3,18
258,"maxgrain_3CF_44",3,19
258,"maxgrain_3CF_46",3,10
258,"maxgrain_3CF_48",3,20
258,"maxgrain_3CF_54",3,14
258,"maxgrain_3CF_56",3,16
258,"maxgrain_3CF_58",3,11
258,"maxgrain_3CF_6",3,10
258,"maxgrain_3CF_60",3,9
258,"maxgrain_3CF_66",3,17
258,"maxgrain_3CF_68",3,25
258,"maxgrain_3CF_70",3,18
258,"maxgrain_3CF_72",3,27
258,"maxgrain_3CF_78",3,20
258,"maxgrain_3CF_8",3,24
258,"maxgrain_3CF_80",3,17
258,"maxgrain_3CF_82",3,12
258,"maxgrain_3CF_84",3,18
258,"maxgrain_3CF_90",3,28
258,"maxgrain_3CF_92",3,21
258,"maxgrain_3CF_94",3,24
258,"maxgrain_3CF_96",3,23
258,"maxgrain_3CO_10",3,15
258,"maxgrain_3CO_102",3,11
258,"maxgrain_3CO_104",3,15
258,"maxgrain_3CO_106",3,22
258,"maxgrain_3CO_108",3,20
258,"maxgrain_3CO_114",3,14
258,"maxgrain_3CO_116",3,9
258,"maxgrain_3CO_118",3,14
258,"maxgrain_3CO_12",3,12
258,"maxgrain_3CO_120",3,17
258,"maxgrain_3CO_126",3,21
258,"maxgrain_3CO_128",3,16
258,"maxgrain_3CO_130",3,19
258,"maxgrain_3CO_132",3,21
258,"maxgrain_3CO_138",3,24
258,"maxgrain_3CO_140",3,17
258,"maxgrain_3CO_142",3,15
258,"maxgrain_3CO_18",3,25
258,"maxgrain_3CO_20",3,30
258,"maxgrain_3CO_22",3,13
258,"maxgrain_3CO_30",3,16
258,"maxgrain_3CO_32",3,20
258,"maxgrain_3CO_34",3,23
258,"maxgrain_3CO_36",3,20
258,"maxgrain_3CO_42",3,18
258,"maxgrain_3CO_44",3,16
258,"maxgrain_3CO_46",3,14
258,"maxgrain_3CO_48",3,11
258,"maxgrain_3CO_54",3,20
258,"maxgrain_3CO_56",3,16
258,"maxgrain_3CO_58",3,17
258,"maxgrain_3CO_6",3,26
258,"maxgrain_3CO_60",3,10
258,"maxgrain_3CO_66",3,18
258,"maxgrain_3CO_68",3,12
258,"maxgrain_3CO_70",3,11
258,"maxgrain_3CO_72",3,13
258,"maxgrain_3CO_78",3,18
258,"maxgrain_3CO_8",3,18
258,"maxgrain_3CO_80",3,24
258,"maxgrain_3CO_82",3,23
258,"maxgrain_3CO_84",3,16
258,"maxgrain_3CO_90",3,17
258,"maxgrain_3CO_92",3,20
258,"maxgrain_3CO_94",3,18
258,"maxgrain_3CO_96",3,22
258,"maxgrain_4BF_10",3,15
258,"maxgrain_4BF_102",3,20
258,"maxgrain_4BF_104",3,17
258,"maxgrain_4BF_106",3,18
258,"maxgrain_4BF_108",3,16
258,"maxgrain_4BF_114",3,16
258,"maxgrain_4BF_116",3,18
258,"maxgrain_4BF_118",3,16
258,"maxgrain_4BF_12",3,14
258,"maxgrain_4BF_120",3,23
258,"maxgrain_4BF_126",3,17
258,"maxgrain_4BF_128",3,12
258,"maxgrain_4BF_130",3,13
258,"maxgrain_4BF_132",3,14
258,"maxgrain_4BF_138",3,15
258,"maxgrain_4BF_142",3,9
258,"maxgrain_4BF_144",3,13
258,"maxgrain_4BF_18",3,12
258,"maxgrain_4BF_20",3,14
258,"maxgrain_4BF_22",3,19
258,"maxgrain_4BF_24",3,13
258,"maxgrain_4BF_30",3,27
258,"maxgrain_4BF_32",3,12
258,"maxgrain_4BF_34",3,16
258,"maxgrain_4BF_36",3,20
258,"maxgrain_4BF_42",3,15
258,"maxgrain_4BF_44",3,25
258,"maxgrain_4BF_46",3,16
258,"maxgrain_4BF_48",3,17
258,"maxgrain_4BF_54",3,17
258,"maxgrain_4BF_56",3,12
258,"maxgrain_4BF_58",3,23
258,"maxgrain_4BF_6",3,13
258,"maxgrain_4BF_60",3,9
258,"maxgrain_4BF_66",3,20
258,"maxgrain_4BF_68",3,16
258,"maxgrain_4BF_70",3,13
258,"maxgrain_4BF_72",3,10
258,"maxgrain_4BF_78",3,18
258,"maxgrain_4BF_8",3,16
258,"maxgrain_4BF_80",3,16
258,"maxgrain_4BF_82",3,14
258,"maxgrain_4BF_84",3,16
258,"maxgrain_4BF_90",3,18
258,"maxgrain_4BF_92",3,16
258,"maxgrain_4BF_94",3,16
258,"maxgrain_4BF_96",3,19
258,"maxgrain_4BO_10",3,22
258,"maxgrain_4BO_102",3,14
258,"maxgrain_4BO_104",3,13
258,"maxgrain_4BO_106",3,16
258,"maxgrain_4BO_108",3,16
258,"maxgrain_4BO_114",3,11
258,"maxgrain_4BO_116",3,15
258,"maxgrain_4BO_118",3,22
258,"maxgrain_4BO_12",3,23
258,"maxgrain_4BO_120",3,15
258,"maxgrain_4BO_126",3,10
258,"maxgrain_4BO_128",3,19
258,"maxgrain_4BO_130",3,16
258,"maxgrain_4BO_132",3,21
258,"maxgrain_4BO_138",3,17
258,"maxgrain_4BO_140",3,19
258,"maxgrain_4BO_142",3,15
258,"maxgrain_4BO_144",3,28
258,"maxgrain_4BO_18",3,19
258,"maxgrain_4BO_20",3,24
258,"maxgrain_4BO_22",3,23
258,"maxgrain_4BO_24",3,21
258,"maxgrain_4BO_30",3,23
258,"maxgrain_4BO_32",3,19
258,"maxgrain_4BO_34",3,21
258,"maxgrain_4BO_36",3,24
258,"maxgrain_4BO_42",3,13
258,"maxgrain_4BO_44",3,10
258,"maxgrain_4BO_46",3,16
258,"maxgrain_4BO_48",3,14
258,"maxgrain_4BO_54",3,18
258,"maxgrain_4BO_56",3,12
258,"maxgrain_4BO_58",3,15
258,"maxgrain_4BO_6",3,13
258,"maxgrain_4BO_60",3,10
258,"maxgrain_4BO_66",3,15
258,"maxgrain_4BO_68",3,20
258,"maxgrain_4BO_70",3,19
258,"maxgrain_4BO_72",3,21
258,"maxgrain_4BO_78",3,14
258,"maxgrain_4BO_8",3,20
258,"maxgrain_4BO_80",3,23
258,"maxgrain_4BO_82",3,17
258,"maxgrain_4BO_84",3,11
258,"maxgrain_4BO_90",3,18
258,"maxgrain_4BO_92",3,14
258,"maxgrain_4BO_94",3,15
258,"maxgrain_4BO_96",3,16
258,"maxgrain_4CF_10",3,20
258,"maxgrain_4CF_104",3,18
258,"maxgrain_4CF_106",3,14
258,"maxgrain_4CF_108",3,19
258,"maxgrain_4CF_114",3,7
258,"maxgrain_4CF_116",3,17
258,"maxgrain_4CF_118",3,16
258,"maxgrain_4CF_12",3,21
258,"maxgrain_4CF_120",3,19
258,"maxgrain_4CF_126",3,18
258,"maxgrain_4CF_128",3,24
258,"maxgrain_4CF_130",3,22
258,"maxgrain_4CF_132",3,15
258,"maxgrain_4CF_138",3,15
258,"maxgrain_4CF_140",3,22
258,"maxgrain_4CF_142",3,12
258,"maxgrain_4CF_144",3,23
258,"maxgrain_4CF_18",3,18
258,"maxgrain_4CF_20",3,23
258,"maxgrain_4CF_22",3,18
258,"maxgrain_4CF_24",3,15
258,"maxgrain_4CF_30",3,26
258,"maxgrain_4CF_32",3,13
258,"maxgrain_4CF_34",3,15
258,"maxgrain_4CF_36",3,14
258,"maxgrain_4CF_42",3,14
258,"maxgrain_4CF_44",3,14
258,"maxgrain_4CF_46",3,10
258,"maxgrain_4CF_48",3,15
258,"maxgrain_4CF_54",3,12
258,"maxgrain_4CF_56",3,14
258,"maxgrain_4CF_58",3,11
258,"maxgrain_4CF_6",3,25
258,"maxgrain_4CF_60",3,20
258,"maxgrain_4CF_66",3,16
258,"maxgrain_4CF_68",3,11
258,"maxgrain_4CF_70",3,16
258,"maxgrain_4CF_72",3,18
258,"maxgrain_4CF_78",3,11
258,"maxgrain_4CF_8",3,11
258,"maxgrain_4CF_80",3,17
258,"maxgrain_4CF_82",3,14
258,"maxgrain_4CF_84",3,12
258,"maxgrain_4CF_90",3,11
258,"maxgrain_4CF_92",3,25
258,"maxgrain_4CF_94",3,11
258,"maxgrain_4CF_96",3,19
258,"maxgrain_4CO_102",3,19
258,"maxgrain_4CO_104",3,15
258,"maxgrain_4CO_106",3,11
258,"maxgrain_4CO_108",3,19
258,"maxgrain_4CO_114",3,22
258,"maxgrain_4CO_116",3,20
258,"maxgrain_4CO_118",3,14
258,"maxgrain_4CO_120",3,14
258,"maxgrain_4CO_126",3,12
258,"maxgrain_4CO_128",3,25
258,"maxgrain_4CO_130",3,16
258,"maxgrain_4CO_132",3,16
258,"maxgrain_4CO_138",3,13
258,"maxgrain_4CO_140",3,14
258,"maxgrain_4CO_18",3,17
258,"maxgrain_4CO_20",3,12
258,"maxgrain_4CO_22",3,10
258,"maxgrain_4CO_24",3,12
258,"maxgrain_4CO_30",3,19
258,"maxgrain_4CO_32",3,18
258,"maxgrain_4CO_34",3,14
258,"maxgrain_4CO_36",3,10
258,"maxgrain_4CO_42",3,14
258,"maxgrain_4CO_44",3,16
258,"maxgrain_4CO_46",3,13
258,"maxgrain_4CO_48",3,15
258,"maxgrain_4CO_54",3,13
258,"maxgrain_4CO_56",3,10
258,"maxgrain_4CO_58",3,21
258,"maxgrain_4CO_6",3,15
258,"maxgrain_4CO_60",3,19
258,"maxgrain_4CO_66",3,17
258,"maxgrain_4CO_68",3,17
258,"maxgrain_4CO_70",3,14
258,"maxgrain_4CO_72",3,18
258,"maxgrain_4CO_78",3,19
258,"maxgrain_4CO_8",3,13
258,"maxgrain_4CO_80",3,18
258,"maxgrain_4CO_82",3,11
258,"maxgrain_4CO_84",3,15
258,"maxgrain_4CO_90",3,16
258,"maxgrain_4CO_92",3,15
258,"maxgrain_4CO_94",3,21
258,"maxgrain_4CO_96",3,21
259,"1",1,92
259,"1_1",2,56
259,"1_11",2,48
259,"1_12",2,46
259,"1_13",2,56
259,"1_14",2,46
259,"1_15",2,52
259,"1_17",2,51
259,"1_18",2,57
259,"1_19",2,55
259,"1_2",2,50
259,"1_20",2,53
259,"1_21",2,54
259,"1_22",2,50
259,"1_24",2,55
259,"1_3",2,48
259,"1_4",2,48
259,"1_5",2,51
259,"1_6",2,51
259,"1_7",2,45
259,"1_8",2,48
259,"1_9",2,50
259,"1_10",2,53
259,"1_16",2,49
259,"1_23",2,56
259,"1_1_11",3,30
259,"1_1_13",3,20
259,"1_1_15",3,30
259,"1_1_17",3,24
259,"1_1_31",3,28
259,"1_1_33",3,21
259,"1_1_35",3,24
259,"1_1_37",3,22
259,"1_1_51",3,27
259,"1_1_53",3,25
259,"1_1_55",3,18
259,"1_1_57",3,26
259,"1_1_71",3,26
259,"1_1_73",3,24
259,"1_1_75",3,21
259,"1_1_77",3,25
259,"1_10_11",3,24
259,"1_10_13",3,21
259,"1_10_15",3,20
259,"1_10_17",3,18
259,"1_10_31",3,24
259,"1_10_33",3,21
259,"1_10_35",3,26
259,"1_10_37",3,20
259,"1_10_51",3,23
259,"1_10_53",3,21
259,"1_10_55",3,26
259,"1_10_57",3,17
259,"1_10_71",3,17
259,"1_10_73",3,25
259,"1_10_75",3,19
259,"1_10_77",3,13
259,"1_11_11",3,29
259,"1_11_13",3,28
259,"1_11_15",3,23
259,"1_11_17",3,25
259,"1_11_31",3,23
259,"1_11_33",3,22
259,"1_11_35",3,22
259,"1_11_37",3,22
259,"1_11_51",3,16
259,"1_11_53",3,19
259,"1_11_55",3,17
259,"1_11_57",3,22
259,"1_11_71",3,24
259,"1_11_73",3,24
259,"1_11_75",3,14
259,"1_11_77",3,15
259,"1_12_11",3,20
259,"1_12_13",3,22
259,"1_12_15",3,17
259,"1_12_17",3,23
259,"1_12_31",3,25
259,"1_12_33",3,17
259,"1_12_35",3,20
259,"1_12_37",3,24
259,"1_12_51",3,19
259,"1_12_53",3,26
259,"1_12_55",3,21
259,"1_12_57",3,24
259,"1_12_71",3,17
259,"1_12_73",3,24
259,"1_12_75",3,20
259,"1_12_77",3,22
259,"1_13_11",3,26
259,"1_13_13",3,27
259,"1_13_15",3,25
259,"1_13_17",3,29
259,"1_13_31",3,25
259,"1_13_33",3,27
259,"1_13_35",3,33
259,"1_13_37",3,29
259,"1_13_51",3,18
259,"1_13_53",3,15
259,"1_13_55",3,21
259,"1_13_57",3,25
259,"1_13_71",3,24
259,"1_13_73",3,17
259,"1_13_75",3,23
259,"1_13_77",3,29
259,"1_14_11",3,24
259,"1_14_13",3,23
259,"1_14_15",3,28
259,"1_14_17",3,23
259,"1_14_31",3,18
259,"1_14_33",3,13
259,"1_14_35",3,26
259,"1_14_37",3,20
259,"1_14_51",3,25
259,"1_14_53",3,21
259,"1_14_55",3,14
259,"1_14_57",3,21
259,"1_14_71",3,19
259,"1_14_73",3,25
259,"1_14_75",3,18
259,"1_14_77",3,22
259,"1_15_11",3,24
259,"1_15_13",3,20
259,"1_15_15",3,10
259,"1_15_17",3,28
259,"1_15_31",3,19
259,"1_15_33",3,11
259,"1_15_35",3,13
259,"1_15_37",3,24
259,"1_15_51",3,13
259,"1_15_53",3,17
259,"1_15_55",3,13
259,"1_15_57",3,23
259,"1_15_71",3,17
259,"1_15_73",3,17
259,"1_15_75",3,14
259,"1_15_77",3,27
259,"1_16_11",3,15
259,"1_16_13",3,19
259,"1_16_15",3,18
259,"1_16_17",3,35
259,"1_16_31",3,14
259,"1_16_33",3,20
259,"1_16_35",3,23
259,"1_16_37",3,20
259,"1_16_51",3,17
259,"1_16_53",3,18
259,"1_16_55",3,18
259,"1_16_57",3,15
259,"1_16_71",3,26
259,"1_16_73",3,14
259,"1_16_75",3,23
259,"1_16_77",3,25
259,"1_17_11",3,21
259,"1_17_13",3,23
259,"1_17_15",3,25
259,"1_17_17",3,28
259,"1_17_31",3,18
259,"1_17_33",3,21
259,"1_17_35",3,21
259,"1_17_37",3,30
259,"1_17_51",3,18
259,"1_17_53",3,20
259,"1_17_55",3,24
259,"1_17_57",3,30
259,"1_17_71",3,19
259,"1_17_73",3,29
259,"1_17_75",3,21
259,"1_17_77",3,24
259,"1_18_11",3,20
259,"1_18_13",3,19
259,"1_18_15",3,25
259,"1_18_17",3,23
259,"1_18_31",3,17
259,"1_18_33",3,17
259,"1_18_35",3,21
259,"1_18_37",3,27
259,"1_18_51",3,28
259,"1_18_53",3,24
259,"1_18_55",3,20
259,"1_18_57",3,23
259,"1_18_71",3,24
259,"1_18_73",3,29
259,"1_18_75",3,20
259,"1_18_77",3,29
259,"1_19_11",3,24
259,"1_19_13",3,21
259,"1_19_15",3,26
259,"1_19_17",3,27
259,"1_19_31",3,14
259,"1_19_33",3,22
259,"1_19_35",3,35
259,"1_19_37",3,32
259,"1_19_51",3,26
259,"1_19_53",3,25
259,"1_19_55",3,21
259,"1_19_57",3,16
259,"1_19_71",3,12
259,"1_19_73",3,10
259,"1_19_75",3,13
259,"1_19_77",3,26
259,"1_2_11",3,25
259,"1_2_13",3,22
259,"1_2_15",3,14
259,"1_2_17",3,22
259,"1_2_31",3,22
259,"1_2_33",3,18
259,"1_2_35",3,24
259,"1_2_37",3,16
259,"1_2_51",3,23
259,"1_2_53",3,23
259,"1_2_55",3,27
259,"1_2_57",3,28
259,"1_2_71",3,21
259,"1_2_73",3,21
259,"1_2_75",3,27
259,"1_2_77",3,20
259,"1_20_11",3,21
259,"1_20_13",3,23
259,"1_20_15",3,26
259,"1_20_17",3,21
259,"1_20_31",3,18
259,"1_20_33",3,25
259,"1_20_35",3,29
259,"1_20_37",3,25
259,"1_20_51",3,25
259,"1_20_53",3,20
259,"1_20_55",3,23
259,"1_20_57",3,23
259,"1_20_71",3,20
259,"1_20_73",3,20
259,"1_20_75",3,19
259,"1_20_77",3,18
259,"1_21_11",3,26
259,"1_21_13",3,22
259,"1_21_15",3,21
259,"1_21_17",3,21
259,"1_21_31",3,18
259,"1_21_33",3,19
259,"1_21_35",3,22
259,"1_21_37",3,24
259,"1_21_51",3,21
259,"1_21_53",3,19
259,"1_21_55",3,24
259,"1_21_57",3,23
259,"1_21_71",3,22
259,"1_21_73",3,14
259,"1_21_75",3,28
259,"1_21_77",3,26
259,"1_22_11",3,21
259,"1_22_13",3,24
259,"1_22_15",3,26
259,"1_22_17",3,27
259,"1_22_31",3,24
259,"1_22_33",3,29
259,"1_22_35",3,24
259,"1_22_37",3,21
259,"1_22_51",3,24
259,"1_22_53",3,26
259,"1_22_55",3,25
259,"1_22_57",3,26
259,"1_22_71",3,22
259,"1_22_73",3,26
259,"1_22_75",3,27
259,"1_22_77",3,26
259,"1_23_11",3,17
259,"1_23_13",3,19
259,"1_23_15",3,22
259,"1_23_17",3,24
259,"1_23_31",3,19
259,"1_23_33",3,17
259,"1_23_35",3,24
259,"1_23_37",3,27
259,"1_23_51",3,22
259,"1_23_53",3,26
259,"1_23_55",3,25
259,"1_23_57",3,35
259,"1_23_71",3,18
259,"1_23_73",3,22
259,"1_23_75",3,22
259,"1_23_77",3,26
259,"1_24_11",3,19
259,"1_24_13",3,18
259,"1_24_15",3,30
259,"1_24_17",3,19
259,"1_24_31",3,15
259,"1_24_33",3,19
259,"1_24_35",3,24
259,"1_24_37",3,21
259,"1_24_51",3,24
259,"1_24_53",3,21
259,"1_24_55",3,16
259,"1_24_57",3,20
259,"1_24_71",3,19
259,"1_24_73",3,16
259,"1_24_75",3,15
259,"1_24_77",3,23
259,"1_3_11",3,21
259,"1_3_13",3,22
259,"1_3_15",3,23
259,"1_3_17",3,20
259,"1_3_31",3,17
259,"1_3_33",3,16
259,"1_3_35",3,22
259,"1_3_37",3,21
259,"1_3_51",3,22
259,"1_3_53",3,19
259,"1_3_55",3,22
259,"1_3_57",3,23
259,"1_3_71",3,25
259,"1_3_73",3,23
259,"1_3_75",3,20
259,"1_3_77",3,19
259,"1_4_11",3,26
259,"1_4_13",3,19
259,"1_4_15",3,24
259,"1_4_17",3,25
259,"1_4_31",3,20
259,"1_4_33",3,26
259,"1_4_35",3,22
259,"1_4_37",3,20
259,"1_4_51",3,18
259,"1_4_53",3,24
259,"1_4_55",3,23
259,"1_4_57",3,25
259,"1_4_71",3,20
259,"1_4_73",3,22
259,"1_4_75",3,24
259,"1_4_77",3,22
259,"1_5_11",3,21
259,"1_5_13",3,18
259,"1_5_15",3,15
259,"1_5_17",3,26
259,"1_5_31",3,18
259,"1_5_33",3,12
259,"1_5_35",3,20
259,"1_5_37",3,20
259,"1_5_51",3,18
259,"1_5_53",3,21
259,"1_5_55",3,26
259,"1_5_57",3,28
259,"1_5_71",3,25
259,"1_5_73",3,19
259,"1_5_75",3,25
259,"1_5_77",3,18
259,"1_6_11",3,22
259,"1_6_13",3,19
259,"1_6_15",3,21
259,"1_6_17",3,22
259,"1_6_31",3,27
259,"1_6_33",3,23
259,"1_6_35",3,20
259,"1_6_37",3,26
259,"1_6_51",3,20
259,"1_6_53",3,19
259,"1_6_55",3,20
259,"1_6_57",3,27
259,"1_6_71",3,25
259,"1_6_73",3,18
259,"1_6_75",3,19
259,"1_6_77",3,28
259,"1_7_11",3,18
259,"1_7_13",3,21
259,"1_7_15",3,19
259,"1_7_17",3,19
259,"1_7_31",3,13
259,"1_7_33",3,15
259,"1_7_35",3,26
259,"1_7_37",3,24
259,"1_7_51",3,13
259,"1_7_53",3,17
259,"1_7_55",3,18
259,"1_7_57",3,17
259,"1_7_71",3,15
259,"1_7_73",3,18
259,"1_7_75",3,17
259,"1_7_77",3,20
259,"1_8_11",3,28
259,"1_8_13",3,24
259,"1_8_15",3,20
259,"1_8_17",3,25
259,"1_8_31",3,20
259,"1_8_33",3,24
259,"1_8_35",3,19
259,"1_8_37",3,21
259,"1_8_51",3,21
259,"1_8_53",3,22
259,"1_8_55",3,19
259,"1_8_57",3,19
259,"1_8_71",3,18
259,"1_8_73",3,21
259,"1_8_75",3,21
259,"1_8_77",3,18
259,"1_9_11",3,17
259,"1_9_13",3,27
259,"1_9_15",3,21
259,"1_9_17",3,19
259,"1_9_31",3,16
259,"1_9_33",3,17
259,"1_9_35",3,14
259,"1_9_37",3,23
259,"1_9_51",3,21
259,"1_9_53",3,19
259,"1_9_55",3,16
259,"1_9_57",3,22
259,"1_9_71",3,12
259,"1_9_73",3,21
259,"1_9_75",3,12
259,"1_9_77",3,16
274,"1",1,34
274,"1_000b",2,15
274,"1_001d",2,28
274,"1_002c",2,26
274,"1_002d",2,25
274,"1_004b",2,25
274,"1_004d",2,15
274,"1_004f",2,25
274,"1_020b",2,24
274,"1_0spb",2,27
274,"1_0sub",2,27
274,"1_n01a",2,31
274,"1_n01b",2,29
274,"1_n04a",2,28
274,"1_n04d",2,31
274,"1_n20a",2,31
274,"1_n20b",2,30
274,"1_000b_a",3,12
274,"1_000b_b",3,13
274,"1_001d_a",3,23
274,"1_001d_b",3,27
274,"1_002c_a",3,22
274,"1_002c_b",3,24
274,"1_002d_a",3,23
274,"1_002d_b",3,24
274,"1_004b_a",3,22
274,"1_004b_b",3,25
274,"1_004d_a",3,15
274,"1_004d_b",3,13
274,"1_004f_a",3,25
274,"1_004f_b",3,20
274,"1_020b_a",3,24
274,"1_020b_b",3,19
274,"1_0spb_a",3,26
274,"1_0spb_b",3,24
274,"1_0sub_a",3,23
274,"1_0sub_b",3,25
274,"1_n01a_a",3,29
274,"1_n01a_b",3,30
274,"1_n01b_a",3,25
274,"1_n01b_b",3,28
274,"1_n04a_a",3,26
274,"1_n04a_b",3,27
274,"1_n04d_a",3,27
274,"1_n04d_b",3,30
274,"1_n20a_a",3,27
274,"1_n20a_b",3,28
274,"1_n20b_a",3,25
274,"1_n20b_b",3,23
275,"El Verde",1,18
275,"El Verde_100",2,11
275,"El Verde_139",2,13
275,"El Verde_142",2,12
275,"El Verde_145",2,11
275,"El Verde_148",2,12
275,"El Verde_151",2,13
275,"El Verde_190",2,13
275,"El Verde_193",2,12
275,"El Verde_199",2,11
275,"El Verde_202",2,10
275,"El Verde_241",2,10
275,"El Verde_250",2,15
275,"El Verde_292",2,12
275,"El Verde_295",2,14
275,"El Verde_298",2,13
275,"El Verde_301",2,14
275,"El Verde_304",2,12
275,"El Verde_343",2,10
275,"El Verde_346",2,11
275,"El Verde_349",2,14
275,"El Verde_352",2,13
275,"El Verde_355",2,12
275,"El Verde_37",2,11
275,"El Verde_394",2,12
275,"El Verde_397",2,11
275,"El Verde_40",2,10
275,"El Verde_400",2,14
275,"El Verde_403",2,11
275,"El Verde_406",2,11
275,"El Verde_46",2,12
275,"El Verde_88",2,10
275,"El Verde_91",2,12
275,"El Verde_97",2,13
276,"EL VERDE",1,39
276,"EL VERDE_12",2,21
276,"EL VERDE_15",2,27
276,"EL VERDE_3",2,24
276,"EL VERDE_6",2,27
276,"EL VERDE_9",2,30
277,"maxgrain",1,96
277,"maxgrain_AL1",2,55
277,"maxgrain_BM1",2,70
277,"maxgrain_CB1",2,73
277,"maxgrain_CR1",2,65
277,"maxgrain_SP1",2,66
277,"maxgrain_TB1",2,53
277,"maxgrain_TR2",2,71
279,"maxgrain",1,21
279,"maxgrain_ME",2,21
279,"maxgrain_MO",2,26
280,"maxgrain",1,263
280,"maxgrain_ME",2,276
280,"maxgrain_MO",2,241
281,"TR",1,29
281,"TR_50",2,25
281,"TR_56",2,28
282,"50",1,25
282,"56",1,27
282,"50_1",2,16
282,"50_10",2,18
282,"50_11",2,16
282,"50_12",2,15
282,"50_13",2,16
282,"50_14",2,14
282,"50_15",2,11
282,"50_16",2,17
282,"50_17",2,17
282,"50_18",2,13
282,"50_19",2,11
282,"50_2",2,18
282,"50_22",2,10
282,"50_23",2,12
282,"50_24",2,12
282,"50_25",2,12
282,"50_26",2,15
282,"50_27",2,18
282,"50_28",2,17
282,"50_29",2,16
282,"50_3",2,18
282,"50_30",2,17
282,"50_31",2,14
282,"50_32",2,14
282,"50_33",2,12
282,"50_34",2,14
282,"50_35",2,15
282,"50_36",2,14
282,"50_37",2,10
282,"50_38",2,13
282,"50_39",2,14
282,"50_4",2,16
282,"50_40",2,15
282,"50_41",2,10
282,"50_5",2,16
282,"50_6",2,16
282,"50_7",2,16
282,"50_8",2,16
282,"50_9",2,18
282,"56_1",2,18
282,"56_10",2,18
282,"56_11",2,17
282,"56_12",2,17
282,"56_13",2,20
282,"56_14",2,21
282,"56_15",2,21
282,"56_16",2,23
282,"56_17",2,22
282,"56_18",2,22
282,"56_19",2,19
282,"56_2",2,16
282,"56_20",2,20
282,"56_21",2,21
282,"56_22",2,21
282,"56_23",2,21
282,"56_24",2,19
282,"56_25",2,16
282,"56_26",2,18
282,"56_27",2,19
282,"56_28",2,19
282,"56_29",2,12
282,"56_3",2,16
282,"56_30",2,13
282,"56_31",2,16
282,"56_32",2,16
282,"56_33",2,17
282,"56_34",2,17
282,"56_35",2,16
282,"56_36",2,14
282,"56_37",2,16
282,"56_38",2,15
282,"56_39",2,17
282,"56_4",2,17
282,"56_40",2,17
282,"56_41",2,18
282,"56_42",2,18
282,"56_43",2,16
282,"56_44",2,12
282,"56_45",2,14
282,"56_46",2,13
282,"56_47",2,11
282,"56_48",2,11
282,"56_49",2,11
282,"56_5",2,17
282,"56_50",2,11
282,"56_6",2,17
282,"56_7",2,15
282,"56_8",2,18
282,"56_9",2,15
287,"Konza",1,185
287,"Konza_1",2,97
287,"Konza_10",2,95
287,"Konza_12",2,64
287,"Konza_13",2,85
287,"Konza_14",2,79
287,"Konza_15",2,109
287,"Konza_16",2,118
287,"Konza_17",2,105
287,"Konza_18",2,93
287,"Konza_2",2,85
287,"Konza_3",2,78
287,"Konza_4",2,57
287,"Konza_5",2,29
287,"Konza_6",2,73
287,"Konza_8",2,52
287,"Konza_9",2,55
288,"NT",1,17
288,"NT_POOL1",2,17
288,"NT_POOL2",2,13
289,"maxgrain",1,454
289,"maxgrain_ep18",2,86
289,"maxgrain_ep19",2,80
289,"maxgrain_ep2",2,41
289,"maxgrain_ep29",2,50
289,"maxgrain_ep3",2,72
289,"maxgrain_ep30",2,71
289,"maxgrain_ep31",2,64
289,"maxgrain_ep32",2,54
289,"maxgrain_ep33",2,50
289,"maxgrain_ep34",2,69
289,"maxgrain_ep35",2,73
289,"maxgrain_ep37",2,34
289,"maxgrain_ep38",2,67
289,"maxgrain_ep4",2,79
289,"maxgrain_ep40",2,57
289,"maxgrain_ep41",2,59
289,"maxgrain_ep42",2,77
289,"maxgrain_ep43",2,62
289,"maxgrain_ep44",2,61
289,"maxgrain_ep9",2,98
291,"1",1,52
291,"1_A1",2,14
291,"1_A10",2,18
291,"1_A11",2,22
291,"1_A12",2,14
291,"1_A2",2,20
291,"1_A3",2,17
291,"1_A4",2,18
291,"1_A5",2,18
291,"1_A7",2,18
291,"1_A8",2,14
291,"1_A9",2,18
291,"1_B1",2,19
291,"1_B2",2,19
291,"1_B3",2,21
291,"1_B4",2,15
291,"1_B5",2,21
291,"1_B6",2,24
291,"1_C1",2,10
291,"1_C2",2,23
291,"1_C3",2,14
291,"1_C4",2,19
291,"1_C5",2,18
291,"1_C6",2,13
291,"1_D1",2,15
291,"1_D2",2,23
291,"1_D3",2,12
291,"1_D4",2,25
291,"1_D5",2,14
291,"1_E1",2,22
291,"1_E2",2,16
291,"1_E3",2,25
291,"1_E4",2,17
291,"1_E5",2,24
291,"1_E6",2,17
291,"1_E7",2,20
291,"1_F1",2,23
291,"1_F2",2,15
291,"1_F3",2,20
291,"1_F4",2,16
291,"1_F5",2,22
291,"1_F7",2,12
291,"1_F8",2,13
313,"Jornada",1,129
313,"Jornada_BASN",2,43
313,"Jornada_CALI",2,49
313,"Jornada_EAST",2,57
313,"Jornada_GRAV",2,51
313,"Jornada_IBPE",2,33
313,"Jornada_SAND",2,38
313,"Jornada_SUMM",2,76
313,"Jornada_TAYL",2,41
313,"Jornada_WELL",2,25
313,"Jornada_WEST",2,58
313,"Jornada_BASN_1",3,22
313,"Jornada_BASN_2",3,25
313,"Jornada_BASN_4",3,15
313,"Jornada_BASN_5",3,16
313,"Jornada_CALI_1",3,16
313,"Jornada_CALI_2",3,20
313,"Jornada_CALI_4",3,13
313,"Jornada_CALI_5",3,19
313,"Jornada_EAST_1",3,22
313,"Jornada_EAST_2",3,15
313,"Jornada_EAST_3",3,25
313,"Jornada_EAST_4",3,25
313,"Jornada_EAST_5",3,21
313,"Jornada_GRAV_1",3,20
313,"Jornada_GRAV_3",3,18
313,"Jornada_GRAV_4",3,19
313,"Jornada_GRAV_5",3,19
313,"Jornada_IBPE_1",3,21
313,"Jornada_IBPE_2",3,15
313,"Jornada_IBPE_3",3,9
313,"Jornada_IBPE_4",3,16
313,"Jornada_IBPE_5",3,9
313,"Jornada_SAND_1",3,16
313,"Jornada_SAND_3",3,17
313,"Jornada_SAND_4",3,9
313,"Jornada_SAND_5",3,14
313,"Jornada_SUMM_1",3,26
313,"Jornada_SUMM_2",3,18
313,"Jornada_SUMM_3",3,27
313,"Jornada_SUMM_4",3,27
313,"Jornada_SUMM_5",3,30
313,"Jornada_TAYL_1",3,19
313,"Jornada_TAYL_2",3,19
313,"Jornada_TAYL_3",3,19
313,"Jornada_TAYL_4",3,11
313,"Jornada_WELL_2",3,11
313,"Jornada_WELL_3",3,11
313,"Jornada_WELL_5",3,13
313,"Jornada_WEST_1",3,15
313,"Jornada_WEST_2",3,22
313,"Jornada_WEST_3",3,22
313,"Jornada_WEST_4",3,20
314,"OneidaLake",1,30
314,"OneidaLake_Buoy 109",2,28
314,"OneidaLake_Buoy 117",2,26
314,"OneidaLake_Buoy 125",2,27
314,"OneidaLake_Shackelton Point",2,29
314,"OneidaLake_Three Mile Bay",2,27
316,"Jornada",1,15
316,"Jornada_JC",2,15
316,"Jornada_JG",2,11
316,"Jornada_JC_1",3,12
316,"Jornada_JC_2",3,12
316,"Jornada_JC_3",3,12
316,"Jornada_JG_1",3,9
316,"Jornada_JG_2",3,10
316,"Jornada_JG_3",3,11
322,"maxgrain",1,84
322,"maxgrain_CENTRAL",2,46
322,"maxgrain_NORTH",2,58
322,"maxgrain_SOUTH",2,83
322,"maxgrain_CENTRAL_C3OPEN",3,30
322,"maxgrain_NORTH_N1OPEN",3,32
322,"maxgrain_NORTH_N2OPEN",3,48
322,"maxgrain_NORTH_N3OPEN",3,46
322,"maxgrain_SOUTH_S1OPEN",3,71
322,"maxgrain_SOUTH_S2OPEN",3,72
322,"maxgrain_SOUTH_S3OPEN",3,67
322,"maxgrain_CENTRAL_C1OPEN_A4",4,8
322,"maxgrain_CENTRAL_C1OPEN_A5",4,10
322,"maxgrain_CENTRAL_C1OPEN_A7",4,19
322,"maxgrain_CENTRAL_C1OPEN_B2",4,12
322,"maxgrain_CENTRAL_C1OPEN_B7",4,19
322,"maxgrain_CENTRAL_C1OPEN_C1",4,10
322,"maxgrain_CENTRAL_C1OPEN_C2",4,10
322,"maxgrain_CENTRAL_C1OPEN_C3",4,10
322,"maxgrain_CENTRAL_C1OPEN_C4",4,8
322,"maxgrain_CENTRAL_C1OPEN_C6",4,10
322,"maxgrain_CENTRAL_C1OPEN_C7",4,4
322,"maxgrain_CENTRAL_C1OPEN_D1",4,19
322,"maxgrain_CENTRAL_C1OPEN_F7",4,10
322,"maxgrain_CENTRAL_C2OPEN_A6",4,17
322,"maxgrain_CENTRAL_C2OPEN_B3",4,8
322,"maxgrain_CENTRAL_C2OPEN_C2",4,14
322,"maxgrain_CENTRAL_C2OPEN_D1",4,10
322,"maxgrain_CENTRAL_C2OPEN_D7",4,7
322,"maxgrain_CENTRAL_C2OPEN_E1",4,6
322,"maxgrain_CENTRAL_C2OPEN_E2",4,13
322,"maxgrain_CENTRAL_C2OPEN_E6",4,7
322,"maxgrain_CENTRAL_C2OPEN_E7",4,9
322,"maxgrain_CENTRAL_C2OPEN_F5",4,8
322,"maxgrain_CENTRAL_C2OPEN_F7",4,13
322,"maxgrain_CENTRAL_C3OPEN_A1",4,11
322,"maxgrain_CENTRAL_C3OPEN_A3",4,9
322,"maxgrain_CENTRAL_C3OPEN_A4",4,13
322,"maxgrain_CENTRAL_C3OPEN_A7",4,11
322,"maxgrain_CENTRAL_C3OPEN_B2",4,7
322,"maxgrain_CENTRAL_C3OPEN_C2",4,11
322,"maxgrain_CENTRAL_C3OPEN_C3",4,20
322,"maxgrain_CENTRAL_C3OPEN_C4",4,13
322,"maxgrain_CENTRAL_C3OPEN_C5",4,15
322,"maxgrain_CENTRAL_C3OPEN_C7",4,8
322,"maxgrain_CENTRAL_C3OPEN_D2",4,9
322,"maxgrain_CENTRAL_C3OPEN_D3",4,13
322,"maxgrain_CENTRAL_C3OPEN_D4",4,13
322,"maxgrain_CENTRAL_C3OPEN_E3",4,16
322,"maxgrain_CENTRAL_C3OPEN_E5",4,13
322,"maxgrain_CENTRAL_C3OPEN_F3",4,13
322,"maxgrain_CENTRAL_C3OPEN_F5",4,12
322,"maxgrain_CENTRAL_C3OPEN_F6",4,9
322,"maxgrain_CENTRAL_C3OPEN_G2",4,8
322,"maxgrain_CENTRAL_C3OPEN_G3",4,13
322,"maxgrain_CENTRAL_C3OPEN_G5",4,11
322,"maxgrain_NORTH_N1OPEN_A1",4,15
322,"maxgrain_NORTH_N1OPEN_A2",4,22
322,"maxgrain_NORTH_N1OPEN_A4",4,10
322,"maxgrain_NORTH_N1OPEN_A5",4,11
322,"maxgrain_NORTH_N1OPEN_A6",4,17
322,"maxgrain_NORTH_N1OPEN_A7",4,16
322,"maxgrain_NORTH_N1OPEN_B1",4,10
322,"maxgrain_NORTH_N1OPEN_B4",4,13
322,"maxgrain_NORTH_N1OPEN_B5",4,9
322,"maxgrain_NORTH_N1OPEN_B6",4,18
322,"maxgrain_NORTH_N1OPEN_B7",4,19
322,"maxgrain_NORTH_N1OPEN_C1",4,11
322,"maxgrain_NORTH_N1OPEN_C5",4,16
322,"maxgrain_NORTH_N1OPEN_C6",4,10
322,"maxgrain_NORTH_N1OPEN_C7",4,14
322,"maxgrain_NORTH_N1OPEN_E2",4,9
322,"maxgrain_NORTH_N1OPEN_E3",4,17
322,"maxgrain_NORTH_N1OPEN_E5",4,16
322,"maxgrain_NORTH_N1OPEN_E6",4,13
322,"maxgrain_NORTH_N1OPEN_F2",4,13
322,"maxgrain_NORTH_N1OPEN_F4",4,11
322,"maxgrain_NORTH_N1OPEN_F5",4,12
322,"maxgrain_NORTH_N1OPEN_F6",4,11
322,"maxgrain_NORTH_N1OPEN_F7",4,15
322,"maxgrain_NORTH_N1OPEN_G1",4,9
322,"maxgrain_NORTH_N1OPEN_G4",4,11
322,"maxgrain_NORTH_N1OPEN_G7",4,19
322,"maxgrain_NORTH_N2OPEN_A1",4,11
322,"maxgrain_NORTH_N2OPEN_A2",4,11
322,"maxgrain_NORTH_N2OPEN_A4",4,6
322,"maxgrain_NORTH_N2OPEN_A5",4,15
322,"maxgrain_NORTH_N2OPEN_A6",4,15
322,"maxgrain_NORTH_N2OPEN_B1",4,13
322,"maxgrain_NORTH_N2OPEN_B4",4,16
322,"maxgrain_NORTH_N2OPEN_B5",4,15
322,"maxgrain_NORTH_N2OPEN_B6",4,9
322,"maxgrain_NORTH_N2OPEN_B7",4,19
322,"maxgrain_NORTH_N2OPEN_C1",4,14
322,"maxgrain_NORTH_N2OPEN_C2",4,6
322,"maxgrain_NORTH_N2OPEN_C3",4,13
322,"maxgrain_NORTH_N2OPEN_C5",4,15
322,"maxgrain_NORTH_N2OPEN_C6",4,14
322,"maxgrain_NORTH_N2OPEN_C7",4,17
322,"maxgrain_NORTH_N2OPEN_D3",4,6
322,"maxgrain_NORTH_N2OPEN_D4",4,11
322,"maxgrain_NORTH_N2OPEN_D5",4,13
322,"maxgrain_NORTH_N2OPEN_D7",4,10
322,"maxgrain_NORTH_N2OPEN_E2",4,21
322,"maxgrain_NORTH_N2OPEN_E3",4,12
322,"maxgrain_NORTH_N2OPEN_E5",4,16
322,"maxgrain_NORTH_N2OPEN_E6",4,16
322,"maxgrain_NORTH_N2OPEN_E7",4,15
322,"maxgrain_NORTH_N2OPEN_F3",4,14
322,"maxgrain_NORTH_N2OPEN_F4",4,16
322,"maxgrain_NORTH_N2OPEN_F5",4,10
322,"maxgrain_NORTH_N2OPEN_F6",4,12
322,"maxgrain_NORTH_N2OPEN_F7",4,17
322,"maxgrain_NORTH_N2OPEN_G1",4,10
322,"maxgrain_NORTH_N2OPEN_G2",4,10
322,"maxgrain_NORTH_N2OPEN_G7",4,12
322,"maxgrain_NORTH_N3OPEN_A3",4,10
322,"maxgrain_NORTH_N3OPEN_A4",4,13
322,"maxgrain_NORTH_N3OPEN_A5",4,16
322,"maxgrain_NORTH_N3OPEN_B3",4,17
322,"maxgrain_NORTH_N3OPEN_B4",4,15
322,"maxgrain_NORTH_N3OPEN_B5",4,9
322,"maxgrain_NORTH_N3OPEN_B6",4,23
322,"maxgrain_NORTH_N3OPEN_B7",4,22
322,"maxgrain_NORTH_N3OPEN_C3",4,18
322,"maxgrain_NORTH_N3OPEN_C4",4,15
322,"maxgrain_NORTH_N3OPEN_C6",4,19
322,"maxgrain_NORTH_N3OPEN_C7",4,10
322,"maxgrain_NORTH_N3OPEN_D3",4,18
322,"maxgrain_NORTH_N3OPEN_D5",4,8
322,"maxgrain_NORTH_N3OPEN_D6",4,15
322,"maxgrain_NORTH_N3OPEN_D7",4,17
322,"maxgrain_NORTH_N3OPEN_E3",4,13
322,"maxgrain_NORTH_N3OPEN_E4",4,12
322,"maxgrain_NORTH_N3OPEN_E5",4,20
322,"maxgrain_NORTH_N3OPEN_E6",4,19
322,"maxgrain_NORTH_N3OPEN_F3",4,13
322,"maxgrain_NORTH_N3OPEN_F4",4,11
322,"maxgrain_NORTH_N3OPEN_F5",4,18
322,"maxgrain_NORTH_N3OPEN_F7",4,9
322,"maxgrain_NORTH_N3OPEN_G1",4,8
322,"maxgrain_NORTH_N3OPEN_G3",4,15
322,"maxgrain_NORTH_N3OPEN_G5",4,11
322,"maxgrain_NORTH_N3OPEN_G6",4,14
322,"maxgrain_NORTH_N3OPEN_G7",4,14
322,"maxgrain_SOUTH_S1OPEN_A1",4,10
322,"maxgrain_SOUTH_S1OPEN_A3",4,25
322,"maxgrain_SOUTH_S1OPEN_A4",4,20
322,"maxgrain_SOUTH_S1OPEN_A5",4,12
322,"maxgrain_SOUTH_S1OPEN_A6",4,18
322,"maxgrain_SOUTH_S1OPEN_A7",4,16
322,"maxgrain_SOUTH_S1OPEN_B1",4,20
322,"maxgrain_SOUTH_S1OPEN_B2",4,18
322,"maxgrain_SOUTH_S1OPEN_B3",4,20
322,"maxgrain_SOUTH_S1OPEN_B5",4,13
322,"maxgrain_SOUTH_S1OPEN_B6",4,16
322,"maxgrain_SOUTH_S1OPEN_B7",4,8
322,"maxgrain_SOUTH_S1OPEN_C1",4,19
322,"maxgrain_SOUTH_S1OPEN_C2",4,18
322,"maxgrain_SOUTH_S1OPEN_C3",4,17
322,"maxgrain_SOUTH_S1OPEN_C4",4,24
322,"maxgrain_SOUTH_S1OPEN_C6",4,10
322,"maxgrain_SOUTH_S1OPEN_C7",4,11
322,"maxgrain_SOUTH_S1OPEN_D1",4,7
322,"maxgrain_SOUTH_S1OPEN_D2",4,20
322,"maxgrain_SOUTH_S1OPEN_D3",4,22
322,"maxgrain_SOUTH_S1OPEN_D4",4,19
322,"maxgrain_SOUTH_S1OPEN_D5",4,18
322,"maxgrain_SOUTH_S1OPEN_D6",4,19
322,"maxgrain_SOUTH_S1OPEN_D7",4,12
322,"maxgrain_SOUTH_S1OPEN_E2",4,16
322,"maxgrain_SOUTH_S1OPEN_E3",4,13
322,"maxgrain_SOUTH_S1OPEN_E4",4,21
322,"maxgrain_SOUTH_S1OPEN_E5",4,16
322,"maxgrain_SOUTH_S1OPEN_E6",4,19
322,"maxgrain_SOUTH_S1OPEN_E7",4,16
322,"maxgrain_SOUTH_S1OPEN_F2",4,18
322,"maxgrain_SOUTH_S1OPEN_F3",4,17
322,"maxgrain_SOUTH_S1OPEN_F4",4,13
322,"maxgrain_SOUTH_S1OPEN_F6",4,13
322,"maxgrain_SOUTH_S1OPEN_G1",4,11
322,"maxgrain_SOUTH_S1OPEN_G2",4,10
322,"maxgrain_SOUTH_S1OPEN_G3",4,20
322,"maxgrain_SOUTH_S1OPEN_G4",4,11
322,"maxgrain_SOUTH_S1OPEN_G5",4,23
322,"maxgrain_SOUTH_S1OPEN_G7",4,13
322,"maxgrain_SOUTH_S2OPEN_A1",4,14
322,"maxgrain_SOUTH_S2OPEN_A3",4,12
322,"maxgrain_SOUTH_S2OPEN_A4",4,9
322,"maxgrain_SOUTH_S2OPEN_A5",4,20
322,"maxgrain_SOUTH_S2OPEN_A6",4,15
322,"maxgrain_SOUTH_S2OPEN_A7",4,22
322,"maxgrain_SOUTH_S2OPEN_B1",4,18
322,"maxgrain_SOUTH_S2OPEN_B5",4,18
322,"maxgrain_SOUTH_S2OPEN_B6",4,22
322,"maxgrain_SOUTH_S2OPEN_B7",4,13
322,"maxgrain_SOUTH_S2OPEN_C1",4,16
322,"maxgrain_SOUTH_S2OPEN_C2",4,18
322,"maxgrain_SOUTH_S2OPEN_C6",4,10
322,"maxgrain_SOUTH_S2OPEN_D1",4,18
322,"maxgrain_SOUTH_S2OPEN_D2",4,12
322,"maxgrain_SOUTH_S2OPEN_D4",4,9
322,"maxgrain_SOUTH_S2OPEN_D5",4,13
322,"maxgrain_SOUTH_S2OPEN_D6",4,17
322,"maxgrain_SOUTH_S2OPEN_D7",4,16
322,"maxgrain_SOUTH_S2OPEN_E1",4,15
322,"maxgrain_SOUTH_S2OPEN_E2",4,18
322,"maxgrain_SOUTH_S2OPEN_E3",4,20
322,"maxgrain_SOUTH_S2OPEN_E4",4,15
322,"maxgrain_SOUTH_S2OPEN_E5",4,18
322,"maxgrain_SOUTH_S2OPEN_E6",4,20
322,"maxgrain_SOUTH_S2OPEN_E7",4,17
322,"maxgrain_SOUTH_S2OPEN_F1",4,22
322,"maxgrain_SOUTH_S2OPEN_F2",4,21
322,"maxgrain_SOUTH_S2OPEN_F3",4,18
322,"maxgrain_SOUTH_S2OPEN_F4",4,19
322,"maxgrain_SOUTH_S2OPEN_F5",4,15
322,"maxgrain_SOUTH_S2OPEN_F6",4,10
322,"maxgrain_SOUTH_S2OPEN_F7",4,13
322,"maxgrain_SOUTH_S2OPEN_G1",4,13
322,"maxgrain_SOUTH_S2OPEN_G2",4,24
322,"maxgrain_SOUTH_S2OPEN_G3",4,15
322,"maxgrain_SOUTH_S2OPEN_G4",4,23
322,"maxgrain_SOUTH_S2OPEN_G5",4,14
322,"maxgrain_SOUTH_S2OPEN_G6",4,13
322,"maxgrain_SOUTH_S2OPEN_G7",4,11
322,"maxgrain_SOUTH_S3OPEN_A2",4,15
322,"maxgrain_SOUTH_S3OPEN_A3",4,12
322,"maxgrain_SOUTH_S3OPEN_A5",4,17
322,"maxgrain_SOUTH_S3OPEN_A6",4,14
322,"maxgrain_SOUTH_S3OPEN_A7",4,14
322,"maxgrain_SOUTH_S3OPEN_B1",4,19
322,"maxgrain_SOUTH_S3OPEN_B2",4,16
322,"maxgrain_SOUTH_S3OPEN_B4",4,19
322,"maxgrain_SOUTH_S3OPEN_B5",4,9
322,"maxgrain_SOUTH_S3OPEN_B6",4,15
322,"maxgrain_SOUTH_S3OPEN_B7",4,13
322,"maxgrain_SOUTH_S3OPEN_C1",4,15
322,"maxgrain_SOUTH_S3OPEN_C2",4,14
322,"maxgrain_SOUTH_S3OPEN_C4",4,12
322,"maxgrain_SOUTH_S3OPEN_C5",4,22
322,"maxgrain_SOUTH_S3OPEN_C6",4,16
322,"maxgrain_SOUTH_S3OPEN_C7",4,17
322,"maxgrain_SOUTH_S3OPEN_D1",4,12
322,"maxgrain_SOUTH_S3OPEN_D2",4,14
322,"maxgrain_SOUTH_S3OPEN_D3",4,17
322,"maxgrain_SOUTH_S3OPEN_D4",4,17
322,"maxgrain_SOUTH_S3OPEN_D5",4,17
322,"maxgrain_SOUTH_S3OPEN_D6",4,16
322,"maxgrain_SOUTH_S3OPEN_D7",4,16
322,"maxgrain_SOUTH_S3OPEN_E2",4,12
322,"maxgrain_SOUTH_S3OPEN_E3",4,15
322,"maxgrain_SOUTH_S3OPEN_E4",4,21
322,"maxgrain_SOUTH_S3OPEN_E5",4,17
322,"maxgrain_SOUTH_S3OPEN_E6",4,16
322,"maxgrain_SOUTH_S3OPEN_E7",4,19
322,"maxgrain_SOUTH_S3OPEN_F1",4,20
322,"maxgrain_SOUTH_S3OPEN_F2",4,12
322,"maxgrain_SOUTH_S3OPEN_F3",4,23
322,"maxgrain_SOUTH_S3OPEN_F6",4,14
322,"maxgrain_SOUTH_S3OPEN_F7",4,17
322,"maxgrain_SOUTH_S3OPEN_G1",4,16
322,"maxgrain_SOUTH_S3OPEN_G2",4,17
322,"maxgrain_SOUTH_S3OPEN_G3",4,21
322,"maxgrain_SOUTH_S3OPEN_G4",4,14
322,"maxgrain_SOUTH_S3OPEN_G5",4,20
322,"maxgrain_SOUTH_S3OPEN_G6",4,14
322,"maxgrain_SOUTH_S3OPEN_G7",4,14
323,"maxgrain",1,90
323,"maxgrain_Bush River",2,51
323,"maxgrain_Chester River",2,41
323,"maxgrain_Choptank River",2,32
323,"maxgrain_Elk River",2,44
323,"maxgrain_Gunpowder River",2,37
323,"maxgrain_Lower Potomac River",2,39
323,"maxgrain_Middle Potomac River",2,47
323,"maxgrain_Nanticoke River",2,30
323,"maxgrain_North Branch Potomac River",2,38
323,"maxgrain_Patapsco River",2,56
323,"maxgrain_Patuxent River",2,56
323,"maxgrain_Pocomoke River",2,29
323,"maxgrain_Susquehanna River",2,40
323,"maxgrain_Upper Potomac River",2,40
323,"maxgrain_Washington Metro Potomac River",2,58
323,"maxgrain_West Chesapeake Bay",2,27
323,"maxgrain_Youghiogheny River",2,32
323,"maxgrain_Bush River_Atkisson Reservoir",3,23
323,"maxgrain_Bush River_Lower Winters Run",3,45
323,"maxgrain_Bush River_Swan Creek",3,21
323,"maxgrain_Chester River_Corsica River",3,27
323,"maxgrain_Chester River_Lower Chester River",3,12
323,"maxgrain_Chester River_Southeast Creek",3,21
323,"maxgrain_Chester River_Upper Chester River",3,28
323,"maxgrain_Choptank River_Tuckahoe Creek",3,29
323,"maxgrain_Choptank River_Upper Choptank",3,26
323,"maxgrain_Elk River_Furnace Bay",3,20
323,"maxgrain_Gunpowder River_Little Gunpowder Falls",3,24
323,"maxgrain_Gunpowder River_Loch Raven Reservoir",3,27
323,"maxgrain_Lower Potomac River_Breton Bay",3,17
323,"maxgrain_Lower Potomac River_Mattawoman Creek",3,30
323,"maxgrain_Lower Potomac River_Nanjemoy Creek",3,28
323,"maxgrain_Lower Potomac River_Port Tobacco River",3,15
323,"maxgrain_Lower Potomac River_Potomac River M tidal",3,24
323,"maxgrain_Lower Potomac River_St. Clements Bay",3,11
323,"maxgrain_Lower Potomac River_St. Mary's River",3,22
323,"maxgrain_Lower Potomac River_Wicomico River",3,18
323,"maxgrain_Lower Potomac River_Zekiah Swamp",3,24
323,"maxgrain_Middle Potomac River_Lower Monocacy River",3,38
323,"maxgrain_Middle Potomac River_Upper Monocacy River",3,33
323,"maxgrain_Nanticoke River_Wicomico River Head",3,15
323,"maxgrain_North Branch Potomac River_Potomac River L N Branch",3,11
323,"maxgrain_North Branch Potomac River_Potomac River U N Branch",3,9
323,"maxgrain_North Branch Potomac River_Savage River",3,23
323,"maxgrain_Patapsco River_Gwynns Falls",3,26
323,"maxgrain_Patapsco River_Jones Falls",3,19
323,"maxgrain_Patapsco River_Liberty Reservoir",3,26
323,"maxgrain_Patapsco River_Patapsco River L N Br",3,38
323,"maxgrain_Patapsco River_S Branch Patapsco",3,26
323,"maxgrain_Patuxent River_Little Patuxent River",3,36
323,"maxgrain_Patuxent River_Patuxent River lower",3,24
323,"maxgrain_Patuxent River_Patuxent River middle",3,30
323,"maxgrain_Patuxent River_Patuxent River upper",3,35
323,"maxgrain_Patuxent River_Rocky Gorge Dam",3,21
323,"maxgrain_Patuxent River_Western Branch",3,28
323,"maxgrain_Pocomoke River_Nassawango Creek",3,26
323,"maxgrain_Susquehanna River_Deer Creek",3,33
323,"maxgrain_Susquehanna River_Octoraro Creek",3,27
323,"maxgrain_Upper Potomac River_Antietam Creek",3,19
323,"maxgrain_Upper Potomac River_Fifteen Mile Creek",3,29
323,"maxgrain_Upper Potomac River_Sideling Hill Creek",3,26
323,"maxgrain_Youghiogheny River_Casselman River",3,29
323,"maxgrain_Youghiogheny River_Little Youghiogheny R",3,16
323,"maxgrain_Youghiogheny River_Youghiogheny River",3,27
323,"maxgrain_Chester River_Corsica River_THREE BRIDGES BRANCH",4,18
323,"maxgrain_Chester River_Lower Chester River_SWAN CREEK",4,13
323,"maxgrain_Chester River_Upper Chester River_CYPRESS BRANCH",4,22
323,"maxgrain_Choptank River_Upper Choptank_SKELETON CREEK UT1",4,10
323,"maxgrain_Elk River_Furnace Bay_PRINCIPIO CREEK UT",4,10
323,"maxgrain_Elk River_Furnace Bay_PRINCIPIO CREEK UT1",4,10
323,"maxgrain_Lower Potomac River_Mattawoman Creek_MATTAWOMAN CREEK",4,35
323,"maxgrain_Lower Potomac River_Nanjemoy Creek_MILL RUN",4,31
323,"maxgrain_Lower Potomac River_Nanjemoy Creek_NANJEMOY CREEK",4,19
323,"maxgrain_Lower Potomac River_Port Tobacco River_HOGHOLE RUN",4,18
323,"maxgrain_Lower Potomac River_St. Clements Bay_ST CLEMENTS CREEK UT1",4,10
323,"maxgrain_Middle Potomac River_Upper Monocacy River_HIGH RUN",4,11
323,"maxgrain_Nanticoke River_Wicomico River Head_LEONARD POND RUN",4,22
323,"maxgrain_North Branch Potomac River_Savage River_CRABTREE CREEK",4,19
323,"maxgrain_North Branch Potomac River_Savage River_SAVAGE RIVER",4,20
323,"maxgrain_Patapsco River_Jones Falls_NORTH BRANCH JONES FALLS",4,17
323,"maxgrain_Patapsco River_Liberty Reservoir_BEAVER RUN",4,21
323,"maxgrain_Patapsco River_Liberty Reservoir_MIDDLE RUN",4,20
323,"maxgrain_Patapsco River_Patapsco River L N Br_DEEP RUN",4,29
323,"maxgrain_Patapsco River_Patapsco River L N Br_TIBER RUN",4,20
323,"maxgrain_Patapsco River_S Branch Patapsco_GILLIS FALLS",4,23
323,"maxgrain_Patuxent River_Patuxent River lower_SWANSON CREEK",4,18
323,"maxgrain_Patuxent River_Rocky Gorge Dam_PATUXENT RIVER UT",4,13
323,"maxgrain_Patuxent River_Rocky Gorge Dam_PATUXENT RIVER UT5",4,14
323,"maxgrain_Pocomoke River_Nassawango Creek_NASSAWANGO CREEK",4,24
323,"maxgrain_Susquehanna River_Octoraro Creek_BASIN RUN",4,23
323,"maxgrain_Upper Potomac River_Fifteen Mile Creek_FIFTEENMILE CREEK",4,30
323,"maxgrain_Youghiogheny River_Casselman River_SOUTH BRANCH CASSELMAN RIVER",4,24
323,"maxgrain_Youghiogheny River_Youghiogheny River_BEAR CREEK",4,9
323,"maxgrain_Chester River_Lower Chester River_SWAN CREEK_LOCR-102-S",5,12
323,"maxgrain_Chester River_Upper Chester River_CYPRESS BRANCH_UPCR-208-S",5,20
323,"maxgrain_Choptank River_Upper Choptank_SKELETON CREEK UT1_UPCK-113-S",5,10
323,"maxgrain_Elk River_Furnace Bay_PRINCIPIO CREEK UT_FURN-101-S",5,10
323,"maxgrain_Elk River_Furnace Bay_PRINCIPIO CREEK UT1_FURN-101-S",5,10
323,"maxgrain_Lower Potomac River_Mattawoman Creek_MATTAWOMAN CREEK_MATT-033-S",5,31
323,"maxgrain_Lower Potomac River_Nanjemoy Creek_MILL RUN_NANJ-331-S",5,28
323,"maxgrain_Lower Potomac River_Port Tobacco River_HOGHOLE RUN_PTOB-002-S",5,15
323,"maxgrain_Nanticoke River_Wicomico River Head_LEONARD POND RUN_WIRH-220-S",5,21
323,"maxgrain_North Branch Potomac River_Savage River_CRABTREE CREEK_SAVA-204-S",5,19
323,"maxgrain_North Branch Potomac River_Savage River_SAVAGE RIVER_SAVA-225-S",5,17
323,"maxgrain_Patapsco River_Jones Falls_NORTH BRANCH JONES FALLS_JONE-315-S",5,16
323,"maxgrain_Patuxent River_Patuxent River lower_SWANSON CREEK_PAXL-294-S",5,17
323,"maxgrain_Patuxent River_Rocky Gorge Dam_PATUXENT RIVER UT_RKGR-119-S",5,13
323,"maxgrain_Patuxent River_Rocky Gorge Dam_PATUXENT RIVER UT5_RKGR-119-S",5,14
323,"maxgrain_Pocomoke River_Nassawango Creek_NASSAWANGO CREEK_NASS-302-S",5,25
323,"maxgrain_Upper Potomac River_Fifteen Mile Creek_FIFTEENMILE CREEK_FIMI-207-S",5,20
324,"maxgrain",1,347
324,"maxgrain_Bush River",2,134
324,"maxgrain_Chester River",2,197
324,"maxgrain_Choptank River",2,137
324,"maxgrain_Elk River",2,181
324,"maxgrain_Gunpowder River",2,165
324,"maxgrain_Lower Potomac River",2,238
324,"maxgrain_Middle Potomac River",2,174
324,"maxgrain_Nanticoke River",2,121
324,"maxgrain_North Branch Potomac River",2,153
324,"maxgrain_Patapsco River",2,219
324,"maxgrain_Patuxent River",2,160
324,"maxgrain_Susquehanna River",2,167
324,"maxgrain_Upper Potomac River",2,175
324,"maxgrain_Washington Metro Potomac River",2,157
324,"maxgrain_Youghiogheny River",2,194
324,"maxgrain_Bush River_Atkisson Reservoir",3,74
324,"maxgrain_Bush River_Lower Winters Run",3,81
324,"maxgrain_Bush River_Swan Creek",3,68
324,"maxgrain_Chester River_Corsica River",3,120
324,"maxgrain_Chester River_Lower Chester River",3,95
324,"maxgrain_Chester River_Southeast Creek",3,99
324,"maxgrain_Chester River_Upper Chester River",3,93
324,"maxgrain_Choptank River_Tuckahoe Creek",3,103
324,"maxgrain_Choptank River_Upper Choptank",3,118
324,"maxgrain_Elk River_Furnace Bay",3,111
324,"maxgrain_Gunpowder River_Little Gunpowder Falls",3,78
324,"maxgrain_Gunpowder River_Loch Raven Reservoir",3,102
324,"maxgrain_Lower Potomac River_Breton Bay",3,94
324,"maxgrain_Lower Potomac River_Mattawoman Creek",3,127
324,"maxgrain_Lower Potomac River_Nanjemoy Creek",3,129
324,"maxgrain_Lower Potomac River_Port Tobacco River",3,113
324,"maxgrain_Lower Potomac River_Potomac River M tidal",3,96
324,"maxgrain_Lower Potomac River_St. Clements Bay",3,123
324,"maxgrain_Lower Potomac River_St. Mary's River",3,107
324,"maxgrain_Lower Potomac River_Wicomico River",3,84
324,"maxgrain_Lower Potomac River_Zekiah Swamp",3,131
324,"maxgrain_Middle Potomac River_Lower Monocacy River",3,92
324,"maxgrain_Middle Potomac River_Upper Monocacy River",3,108
324,"maxgrain_Nanticoke River_Wicomico River Head",3,94
324,"maxgrain_North Branch Potomac River_Potomac River L N Branch",3,94
324,"maxgrain_North Branch Potomac River_Potomac River U N Branch",3,68
324,"maxgrain_North Branch Potomac River_Savage River",3,88
324,"maxgrain_Patapsco River_Gwynns Falls",3,74
324,"maxgrain_Patapsco River_Jones Falls",3,102
324,"maxgrain_Patapsco River_Liberty Reservoir",3,115
324,"maxgrain_Patapsco River_Patapsco River L N Br",3,87
324,"maxgrain_Patapsco River_S Branch Patapsco",3,86
324,"maxgrain_Patuxent River_Little Patuxent River",3,62
324,"maxgrain_Patuxent River_Patuxent River lower",3,110
324,"maxgrain_Patuxent River_Patuxent River middle",3,67
324,"maxgrain_Patuxent River_Rocky Gorge Dam",3,114
324,"maxgrain_Patuxent River_Western Branch",3,64
324,"maxgrain_Pocomoke River_Nassawango Creek",3,65
324,"maxgrain_Susquehanna River_Deer Creek",3,92
324,"maxgrain_Susquehanna River_Octoraro Creek",3,74
324,"maxgrain_Upper Potomac River_Antietam Creek",3,79
324,"maxgrain_Upper Potomac River_Fifteen Mile Creek",3,88
324,"maxgrain_Upper Potomac River_Sideling Hill Creek",3,84
324,"maxgrain_Youghiogheny River_Casselman River",3,106
324,"maxgrain_Youghiogheny River_Little Youghiogheny R",3,75
324,"maxgrain_Youghiogheny River_Youghiogheny River",3,113
324,"maxgrain_Chester River_Corsica River_THREE BRIDGES BRANCH",4,81
324,"maxgrain_Chester River_Lower Chester River_SWAN CREEK",4,83
324,"maxgrain_Chester River_Upper Chester River_CYPRESS BRANCH",4,65
324,"maxgrain_Choptank River_Upper Choptank_SKELETON CREEK UT1",4,78
324,"maxgrain_Elk River_Furnace Bay_PRINCIPIO CREEK UT",4,64
324,"maxgrain_Elk River_Furnace Bay_PRINCIPIO CREEK UT1",4,74
324,"maxgrain_Lower Potomac River_Mattawoman Creek_MATTAWOMAN CREEK",4,107
324,"maxgrain_Lower Potomac River_Nanjemoy Creek_MILL RUN",4,126
324,"maxgrain_Lower Potomac River_Nanjemoy Creek_NANJEMOY CREEK",4,95
324,"maxgrain_Lower Potomac River_Port Tobacco River_HOGHOLE RUN",4,111
324,"maxgrain_Lower Potomac River_St. Clements Bay_ST CLEMENTS CREEK UT1",4,90
324,"maxgrain_Middle Potomac River_Upper Monocacy River_HIGH RUN",4,78
324,"maxgrain_Nanticoke River_Wicomico River Head_LEONARD POND RUN",4,98
324,"maxgrain_North Branch Potomac River_Savage River_CRABTREE CREEK",4,81
324,"maxgrain_North Branch Potomac River_Savage River_SAVAGE RIVER",4,92
324,"maxgrain_Patapsco River_Jones Falls_NORTH BRANCH JONES FALLS",4,87
324,"maxgrain_Patapsco River_Liberty Reservoir_BEAVER RUN",4,68
324,"maxgrain_Patapsco River_Liberty Reservoir_MIDDLE RUN",4,70
324,"maxgrain_Patapsco River_Patapsco River L N Br_DEEP RUN",4,62
324,"maxgrain_Patapsco River_S Branch Patapsco_GILLIS FALLS",4,68
324,"maxgrain_Patuxent River_Patuxent River lower_SWANSON CREEK",4,98
324,"maxgrain_Patuxent River_Rocky Gorge Dam_PATUXENT RIVER UT",4,80
324,"maxgrain_Patuxent River_Rocky Gorge Dam_PATUXENT RIVER UT5",4,68
324,"maxgrain_Pocomoke River_Nassawango Creek_NASSAWANGO CREEK",4,114
324,"maxgrain_Susquehanna River_Octoraro Creek_BASIN RUN",4,60
324,"maxgrain_Upper Potomac River_Fifteen Mile Creek_FIFTEENMILE CREEK",4,62
324,"maxgrain_Youghiogheny River_Youghiogheny River_BEAR CREEK",4,109
324,"maxgrain_Chester River_Lower Chester River_SWAN CREEK_LOCR-102-S",5,54
324,"maxgrain_Chester River_Upper Chester River_CYPRESS BRANCH_UPCR-208-S",5,44
324,"maxgrain_Elk River_Furnace Bay_PRINCIPIO CREEK UT_FURN-101-S",5,64
324,"maxgrain_Lower Potomac River_Mattawoman Creek_MATTAWOMAN CREEK_MATT-033-S",5,86
324,"maxgrain_Lower Potomac River_Nanjemoy Creek_MILL RUN_NANJ-331-S",5,110
324,"maxgrain_Lower Potomac River_Port Tobacco River_HOGHOLE RUN_PTOB-002-S",5,87
324,"maxgrain_Nanticoke River_Wicomico River Head_LEONARD POND RUN_WIRH-220-S",5,81
324,"maxgrain_North Branch Potomac River_Savage River_CRABTREE CREEK_SAVA-204-S",5,65
324,"maxgrain_North Branch Potomac River_Savage River_SAVAGE RIVER_SAVA-225-S",5,79
324,"maxgrain_Patapsco River_Jones Falls_NORTH BRANCH JONES FALLS_JONE-315-S",5,65
324,"maxgrain_Patuxent River_Patuxent River lower_SWANSON CREEK_PAXL-294-S",5,83
324,"maxgrain_Patuxent River_Rocky Gorge Dam_PATUXENT RIVER UT_RKGR-119-S",5,71
324,"maxgrain_Pocomoke River_Nassawango Creek_NASSAWANGO CREEK_NASS-302-S",5,90
324,"maxgrain_Gunpowder River_Prettyboy Reservoir",3,68
324,"maxgrain_Middle Potomac River_Catoctin Creek",3,83
324,"maxgrain_North Branch Potomac River_Wills Creek",3,53
324,"maxgrain_Patapsco River_Back River",3,32
324,"maxgrain_West Chesapeake Bay_West Chesapeake Bay",3,74
324,"maxgrain_Chester River_Corsica River_EMORY CREEK UT1",4,86
324,"maxgrain_Choptank River_Tuckahoe Creek_TUCKAHOE CREEK",4,94
324,"maxgrain_Gunpowder River_Loch Raven Reservoir_BAISMAN RUN",4,94
324,"maxgrain_Lower Potomac River_Zekiah Swamp_ZEKIAH SWAMP RUN UT2",4,78
324,"maxgrain_Middle Potomac River_Upper Monocacy River_BUZZARD BRANCH",4,88
324,"maxgrain_North Branch Potomac River_Potomac River L N Branch_MILL RUN",4,87
324,"maxgrain_North Branch Potomac River_Savage River_DOUBLE LICK RUN",4,71
324,"maxgrain_Patapsco River_Jones Falls_DIPPING POND RUN UT1",4,75
324,"maxgrain_Patapsco River_Liberty Reservoir_TIMBER RUN",4,108
324,"maxgrain_Pocomoke River_Nassawango Creek_MILLVILLE CREEK",4,52
324,"maxgrain_Susquehanna River_Deer Creek_DEER CREEK",4,81
324,"maxgrain_Chester River_Corsica River_EMORY CREEK UT1_CORS-102-S",5,63
324,"maxgrain_Chester River_Corsica River_THREE BRIDGES BRANCH_CORS-250-H",5,65
324,"maxgrain_Choptank River_Tuckahoe Creek_TUCKAHOE CREEK_TUCK-450-H",5,88
324,"maxgrain_Gunpowder River_Loch Raven Reservoir_BAISMAN RUN_LOCH-120-S",5,82
324,"maxgrain_Middle Potomac River_Upper Monocacy River_BUZZARD BRANCH_UMON-119-S",5,76
324,"maxgrain_Middle Potomac River_Upper Monocacy River_HIGH RUN_UMON-288-S",5,59
324,"maxgrain_North Branch Potomac River_Potomac River L N Branch_MILL RUN_PRLN-626-S",5,71
324,"maxgrain_North Branch Potomac River_Savage River_DOUBLE LICK RUN_SAVA-276-S",5,60
324,"maxgrain_Patapsco River_Liberty Reservoir_TIMBER RUN_LIBE-102-S",5,84
324,"maxgrain_Pocomoke River_Nassawango Creek_MILLVILLE CREEK_NASS-108-S",5,43
324,"maxgrain_Youghiogheny River_Youghiogheny River_BEAR CREEK_YOUG-432-S",5,84
